Month,Alabama,Alaska,Arizona,Arkansas,California,Colorado,Connecticut,District of Columbia,Delaware,Florida,Georgia,Hawaii,Idaho,Illinois,Indiana,Iowa,Kansas,Kentucky,Louisiana,Maine,Maryland,Massachusetts,Michigan,Minnesota,Mississippi,Missouri,Montana,Nebraska,Nevada,New Hampshire,New Jersey,New Mexico,New York,North Carolina,North Dakota,Ohio,Oklahoma,Oregon,Pennsylvania,Rhode Island,South Carolina,South Dakota,Tennessee,Texas,Utah,Vermont,Virginia,Washington,West Virginia,Wisconsin,Wyoming
2014-01,0,0,0,0,0,0,0,0,0,0,0,0,0,0,0,0,0,0,0,0,0,0,0,0,0,0,0,0,0,0,0,0,0,0,0,0,0,0,0,0,0,0,0,0,0,0,0,0,0,0,0
2014-02,0,0,0,0,0,0,0,0,0,0,0,0,0,0,0,0,0,0,0,0,0,0,0,0,0,0,0,0,0,0,0,0,0,0,0,0,0,0,0,0,0,0,0,0,0,0,0,0,0,0,0
2014-03,0,0,0,0,0,0,0,0,0,0,0,0,0,0,0,0,0,0,0,0,0,0,0,0,0,0,0,0,0,0,0,0,0,0,0,0,0,0,0,0,0,0,0,0,0,0,0,0,0,0,0
2014-04,0,0,0,0,0,0,0,0,0,0,0,0,0,0,0,0,0,0,0,0,0,0,0,0,0,0,0,0,0,0,0,0,0,0,0,0,0,0,0,0,0,0,0,0,0,0,0,0,0,0,0
2014-05,0,0,0,0,0,0,0,0,0,0,0,0,0,0,0,0,0,0,0,0,0,0,0,0,0,0,0,0,0,0,0,0,0,0,0,0,0,0,0,0,0,0,0,0,0,0,0,0,0,0,0
2014-06,0,0,0,0,0,0,0,0,0,0,0,0,0,0,0,0,0,0,0,0,0,0,0,0,0,0,0,0,0,0,0,0,0,0,0,0,0,0,0,0,0,0,0,0,0,0,0,0,0,0,0
2014-07,0,0,0,0,0,0,0,0,0,0,0,0,0,0,0,0,0,0,0,0,0,0,0,0,0,0,0,0,0,0,0,0,0,0,0,0,0,0,0,0,0,0,0,0,0,0,0,0,0,0,0
2014-08,0,0,0,0,0,0,0,0,0,0,0,*,0,0,0,0,0,0,0,0,0,0,0,0,0,0,0,0,0,0,0,0,0,0,0,0,0,0,0,0,0,0,0,0,0,0,0,0,0,0,0
2014-09,0,0,0,0,0,0,0,0,0,0,0,0,0,0,0,0,0,0,0,0,0,0,0,0,0,0,0,0,0,0,0,0,0,0,0,0,0,0,0,0,0,0,0,0,0,0,0,0,0,0,0
2014-10,0,0,0,0,0,0,0,0,0,0,0,0,0,0,0,0,0,0,0,0,0,0,0,0,0,0,0,0,0,0,0,0,0,0,0,0,0,0,0,0,0,0,0,0,0,0,0,0,0,0,0
2014-11,0,0,0,0,0,0,0,0,0,0,0,0,0,0,0,0,0,0,0,0,0,0,0,0,0,0,0,0,0,0,0,0,0,0,0,0,0,0,0,0,0,0,0,0,0,0,0,0,0,0,0
2014-12,0,0,0,0,0,0,0,0,0,0,0,0,0,0,0,0,0,0,0,0,0,0,0,0,0,0,0,0,0,0,0,0,0,0,0,0,0,0,0,0,0,0,0,0,0,0,0,0,0,0,0
2015-01,0,0,0,0,0,0,0,0,0,0,0,0,0,0,0,0,0,0,0,0,0,0,0,0,0,0,0,0,0,0,0,0,0,0,0,0,0,0,0,0,0,0,0,0,0,0,0,0,0,0,0
2015-02,0,0,0,0,0,0,0,0,0,0,0,0,0,0,0,0,0,0,0,0,0,0,0,0,0,0,0,0,0,0,0,0,0,*,0,0,0,0,0,0,0,0,0,0,0,0,0,0,0,0,0
2015-03,0,0,0,0,0,0,0,0,0,0,0,0,0,0,0,0,0,0,0,0,0,0,0,0,0,0,0,0,0,0,0,0,0,0,0,0,0,0,0,0,0,0,0,0,0,0,0,0,0,0,0
2015-04,0,0,0,0,0,0,0,*,0,0,0,0,0,0,0,0,0,0,0,0,0,0,0,0,0,0,0,0,0,0,0,0,0,0,0,0,0,0,0,0,0,0,0,0,0,0,0,0,0,0,0
2015-05,0,0,0,0,0,0,0,0,0,0,0,0,0,0,0,0,0,0,0,0,0,0,0,0,0,0,0,0,0,0,0,0,0,0,0,0,0,0,0,0,0,0,0,0,0,0,0,0,0,0,0
2015-06,0,0,0,0,0,0,0,0,0,0,0,0,0,0,0,0,0,0,0,0,0,0,0,0,0,0,0,0,0,0,0,0,0,0,0,*,0,0,0,0,0,0,0,0,0,0,0,0,0,0,0
2015-07,0,0,0,0,0,0,0,0,0,0,0,0,0,0,0,0,0,0,0,0,0,0,0,0,0,0,0,0,0,0,0,0,0,0,0,0,0,0,0,0,0,0,0,0,0,0,0,0,0,0,0
2015-08,0,0,0,0,0,0,0,0,0,0,0,0,0,0,0,0,0,0,0,0,0,0,0,0,0,0,0,0,0,0,0,0,0,0,0,0,0,0,0,0,0,0,0,0,0,0,0,0,0,0,0
2015-09,0,0,0,0,0,0,0,0,0,0,0,0,0,0,0,0,0,0,0,0,*,0,0,0,0,0,0,0,0,0,0,0,0,0,0,0,0,0,0,0,0,0,0,0,0,0,0,0,0,0,0
2015-10,0,0,0,0,0,0,0,0,0,0,0,0,0,0,0,0,0,0,0,0,0,0,0,0,0,0,0,0,0,0,0,0,0,0,0,0,0,0,0,0,0,0,0,0,0,0,0,0,0,0,0
2015-11,0,0,0,0,0,0,0,0,0,0,0,0,0,0,0,0,0,0,0,0,0,0,0,0,0,0,0,0,0,0,0,0,0,0,0,0,0,0,0,0,0,0,0,0,0,0,0,0,0,0,0
2015-12,0,0,0,0,0,0,0,0,0,0,0,0,0,4,0,0,0,0,0,0,0,0,0,0,0,0,0,0,0,0,0,0,0,0,0,0,0,0,0,0,0,0,0,0,0,0,0,0,0,0,0
2016-01,0,0,0,0,4,0,0,0,0,0,0,0,0,0,0,0,0,0,0,0,0,0,0,0,0,0,0,0,0,0,0,0,0,0,0,0,0,0,0,0,0,0,0,0,0,0,0,0,0,0,0
2016-02,15.047619047619047,0,0,0,1.3333333333333333,0,0,0,0,2.4761904761904763,0,0,0,0,0,0,0,0,0,0,0,0,0,0,0,0,0,0,0,0,0,0,2.6666666666666665,0,0,0,0,0,0,0,0,0,0,0,0,0,5.904761904761905,0,0,0,0
2016-03,0,0,0,0,1.2,0,0,0,0,0,0,0,0,0,18.8,0,0,0,0,0,0,0,0,0,0,0,0,0,0,0,0,0,2.8,0,0,0,0,0,0,0,0,0,0,0,0,0,0,0,0,0,0
2016-04,0,0,0,0,4,0,0,0,0,0,0,0,0,0,0,0,0,0,0,0,0,0,0,0,0,0,0,0,0,0,0,0,0,0,0,0,0,0,0,0,0,0,0,0,0,0,0,0,0,0,0
2016-05,0,0,0,0,1.125,0,0,0,0,0,0,0,0,0,0,0,0,0,0,0,0,0,0,0,0,0,0,0,0,0,0,0,1.625,0,0,0,0,0,0,0,0,0,0,1.25,0,0,0,0,0,0,0
2016-06,0,0,0,0,0,0,0,0,0,0,0,0,0,0,0,0,0,0,0,0,0,0,0,0,0,0,0,0,0,0,0,0,0,0,0,0,0,0,0,0,0,0,0,0,0,0,0,0,0,0,0
2016-07,0,0,0,0,4,0,0,0,0,0,0,0,0,0,0,0,0,0,0,0,0,0,0,0,0,0,0,0,0,0,0,0,0,0,0,15.428571428571429,0,0,0,0,0,0,0,0,0,0,0,0,0,0,0
2016-08,0,0,0,0,0,0,0,0,0,0,0,0,0,0,0,0,0,0,0,0,0,0,0,0,0,0,0,0,0,0,0,0,0,0,0,0,0,0,0,0,0,0,0,0,0,0,0,0,0,0,0
2016-09,0,0,0,0,4,0,0,0,0,0,0,0,0,0,0,0,0,0,0,0,0,0,0,0,0,0,0,0,0,0,0,0,0,0,0,0,0,0,0,0,0,0,0,0,0,0,0,0,0,0,0
2016-10,0,0,0,0,1.7333333333333334,0,0,0,0,0,0,0,0,2.2666666666666666,0,0,0,0,0,0,0,0,0,0,0,0,0,0,0,0,0,0,0,0,0,0,0,8.666666666666666,0,0,0,0,0,0,0,0,0,0,0,0,0
2016-11,0,0,0,0,1.6296296296296295,0,0,0,0,0,0,0,0,0,0,0,0,0,0,0,0,5.481481481481482,0,0,0,0,0,0,0,0,0,0,2.3703703703703702,0,0,0,0,0,0,0,0,0,0,0,0,0,0,0,0,0,0
2016-12,0,0,0,0,4,0,0,0,0,0,0,0,0,0,0,0,0,0,0,0,0,0,0,0,0,0,0,0,0,0,0,0,0,15.2,0,0,0,0,0,0,0,0,0,0,0,0,0,0,0,33.333333333333336,0
2017-01,2.3776223776223775,0,1.184,0,0.6713286713286714,1.1972789115646258,0,2.237762237762238,0,0.5594405594405595,1.0758620689655172,0,0,1.5944055944055944,1.3146853146853146,0,0,0,0,0,0,0,1.0909090909090908,0,0,1.4825174825174825,0,0,0,0,0.8111888111888111,0,1.006993006993007,1.0545454545454545,0,0.8111888111888111,2.4055944055944054,1.6223776223776223,1.3870967741935485,0,0,0,1.1748251748251748,0.7272727272727273,0,0,1.3986013986013985,1.0909090909090908,0,0,0
2017-02,0,0,0,0,0.7777777777777778,4.830188679245283,0,0,0,1.2222222222222223,0,0,0,1.6111111111111112,0,0,0,0,0,0,0,0,2.611111111111111,0,0,0,0,0,0,0,0,0,0.8333333333333334,0,0,2.2777777777777777,0,0,1.6271186440677967,0,0,0,0,0.7777777777777778,0,0,0,0,0,0,0
2017-03,4.1066666666666665,0,0,6.451612903225806,1.3866666666666667,0,0,0,0,0.5866666666666667,0,0,0,1.2266666666666666,0,0,0,0,0,0,0,0,0,0,0,0,0,0,0,0,1.28,0,0.7466666666666667,1.2203389830508475,0,0,0,0,0,0,0,0,0,0.64,0,0,0,1.6,0,0,0
2017-04,0,0,0,0,0.9066666666666666,0,0,0,0,0.9066666666666666,0,0,0,1.0133333333333334,0,0,0,0,0,0,2.24,0,1.44,0,0,0,0,0,0,0,0,0,1.28,0,0,0,0,0,0,0,0,0,0,0.8,0,0,0,0,0,0,0
2017-05,0,0,0,0,1.125,0,0,0,0,1.9375,0,0,0,1.25,0,0,0,0,0,0,0,1.875,0,0,0,0,0,0,0,0,0,0,1,0,0,0,0,0,0,0,0,0,3,0.625,0,0,0,0,0,0,0
2017-06,0,0,0,0,1.7647058823529411,0,0,0,0,4.117647058823529,0,0,0,0,0,0,0,0,0,0,0,0,0,0,0,0,0,0,0,0,3.764705882352941,0,2.235294117647059,0,0,0,0,0,0,0,0,0,0,0,0,0,0,0,0,0,0
2017-07,0,0,0,0,1.4736842105263157,0,0,0,0,3.5789473684210527,0,0,0,0,0,0,0,0,0,0,0,0,0,0,0,0,0,0,0,0,0,0,2.526315789473684,0,0,0,0,0,0,0,0,0,0,0,0,0,0,0,0,0,0
2017-08,0,0,0,0,0.9411764705882353,0,0,0,0,0,0,0,0,2.196078431372549,0,0,0,0,0,0,0,0,0,0,0,0,0,0,0,0,0,0,0.8627450980392157,0,0,0,0,0,0,0,0,0,0,0,0,0,0,2.5098039215686274,0,0,0
2017-09,0,0,0,0,4,0,0,0,0,0,0,0,0,0,0,0,0,0,0,0,0,0,0,0,0,0,0,0,0,0,0,0,0,0,0,0,0,0,0,0,0,0,0,0,0,0,0,0,0,0,0
2017-10,0,0,0,0,2.56,0,0,0,0,0,0,0,0,0,0,0,0,0,0,0,0,0,0,0,0,0,0,25,0,0,0,0,1.44,0,0,0,0,0,0,0,0,0,0,0,0,0,0,0,0,0,0
2017-11,0,0,0,0,1.0847457627118644,0,0,0,0,0.9491525423728814,1.3333333333333333,0,0,1.2203389830508475,0,0,0,0,0,0,0,0,0,0,0,0,0,8.864864864864865,0,0,0,0,1.152542372881356,0,0,0,0,0,0,0,0,0,0,0.5423728813559322,0,0,0,0,0,0,0
2017-12,0,0,0,0,1.2173913043478262,0,0,0,0,0,0,0,0,1.7391304347826086,0,0,0,0,0,0,0,0,0,0,0,0,0,0,0,0,0,0,1.0434782608695652,0,0,0,0,0,0,0,0,0,0,0,0,0,0,0,0,0,0
2018-01,0,0,0,0,1.5384615384615385,0,0,0,0,0.8461538461538461,0,0,0,0,0,0,0,0,0,0,0,2.5384615384615383,0,0,0,0,0,0,0,0,0,0,1.1538461538461537,0,0,1.6923076923076923,0,0,0,0,0,0,0,1.3076923076923077,0,0,0,2.3846153846153846,0,0,0
2018-02,0,0,0,0,0.7466666666666667,0,0,0,0,0.64,0,0,0,1.5466666666666666,0,0,0,0,0,0,0,0,0,0,0,0,16.666666666666668,0,0,0,0,0,0.9066666666666666,0,0,0,0,0,0,0,0,0,0,0.8,0,0,2.6666666666666665,0,0,0,0
2018-03,0,0,0,0,1.0666666666666667,0,0,0,0,0.7466666666666667,0,0,0,1.28,0,0,0,0,0,0,0,0,0,0,0,0,0,0,0,0,0,0,0.8533333333333334,0,0,0,0,0,2.3076923076923075,0,0,0,0,0.8,0,0,0,1.5466666666666666,0,0,0
2018-04,0,0,0.9556313993174061,0,0.972972973,1.1014492753623188,0.7687687687687688,0,0,0.4924924924924925,0.8119402985074626,0,0,1.009009009009009,0.8288288288288288,0,0,1.165165165165165,0.8,0,0.7087087087087087,0.7087087087087087,0.7567567567567568,0.8648648648648649,0,1.177177177177177,0,0,1.033033033033033,0,0.960960961,0,1.2012012012012012,0.7876447876447876,0,0.6486486486486487,0,0,0.8318042813455657,0,0.9009009009009009,0,0.8648648648648649,0.8168168168168168,1.1411411411411412,0,0.8648648648648649,0.7327327327327328,0,0.7687687687687688,0
2018-05,0,0,0,0,1.4794520547945205,0,0,0,0,1.3150684931506849,0,0,0,0.9863013698630136,0,0,0,0,0,0,0,0,0,0,0,0,0,0,0,0,0,0,0.9315068493150684,0,0,0,0,0,0.9882352941176471,0,0,0,0,0.6027397260273972,0,0,0,2.356164383561644,0,0,0
2018-06,0,0,0,0,1.1063829787234043,0,0,0,0,0,0,0,0,1.702127659574468,0,0,0,0,0,0,0,0,2.893617021276596,0,0,0,0,0,0,0,0,0,1.1914893617021276,0,0,0,0,0,0,0,0,0,0,0,0,0,0,0,0,0,0
2018-07,0,0,1.3129770992366412,0,0.8590604026845637,1.5686274509803921,0,0,0,1.1275167785234899,1,0,0,1.1006711409395973,1.3154362416107384,0,0,0,0,0,0.9664429530201343,1.2080536912751678,1.8791946308724832,0,0,1.8523489932885906,0,0,2.0939597315436242,0,0.912751678,0,1.1006711409395973,1.3448275862068966,0,0.9664429530201343,2.0671140939597317,1.4228187919463087,1.3146853146853146,0,0,0,1.6644295302013423,0.9395973154362416,0,0,1.2348993288590604,1.1006711409395973,0,0,0
2018-08,0,0,0,0,1.1612903225806452,0,0,0,0,1.2258064516129032,0,0,0,0,0,0,0,0,0,0,0,2.2580645161290325,2.064516129032258,3.3548387096774195,0,0,0,0,0,0,3.7419354838709675,0,1.5483870967741935,0,0,0,0,0,0,0,0,0,0,1.2903225806451613,0,0,0,0,0,0,0
2018-09,0,0,0,0,1.1891891891891893,0,0,0,0,1.5135135135135136,0,0,0,0,0,0,0,0,0,0,0,0,0,0,0,0,0,0,0,0,0,0,1.1891891891891893,0,0,0,0,0,0,0,0,0,0,1.6216216216216217,0,0,0,0,0,0,0
2018-10,0,0,0,0,0.8253968253968254,0,0,0,0,0,1.5,0,0,1.1428571428571428,0,0,0,0,0,0,0,0,0,0,0,0,0,0,5.26984127,0,0,0,1.2698412698412698,1.44,0,0,0,0,0,0,0,0,0,0.7619047619047619,0,0,0,0,0,0,0
2018-11,0,0,0,0,0.7796610169491526,0,0,0,0,0.6101694915254238,0,0,0,1.6610169491525424,0,0,0,0,0,0,0,1.728813559322034,1.1864406779661016,0,0,1.423728813559322,0,0,2.983050847457627,0,0,0,0.8813559322033898,0,0,0,0,0,0.7058823529411765,0,0,0,0,0.6779661016949152,0,0,1.4915254237288136,0,0,0,0
2018-12,0,0,0,0,2.3,0,0,0,0,0,0,0,0,0,0,0,0,0,0,0,0,0,0,0,0,0,0,0,0,0,0,0,1.7,0,0,4,0,0,0,0,0,0,0,0,0,0,0,0,0,0,0
2019-01,0,0,0,0,1.5555555555555556,3.6551724137931036,0,0,0,1.1111111111111112,0,0,0,0,0,0,0,0,0,0,0,0,0,0,0,0,0,0,0,0,0,0,1.4814814814814814,1.619047619047619,0,2,0,0,1.6363636363636365,0,0,0,0,0.9629629629629629,0,0,0,0,0,0,0
2019-02,0,0,0,0,1.3636363636363635,0,0,0,0,0,0,0,0,0,0,0,0,0,0,0,0,0,0,0,0,0,0,0,0,0,0,0,1.7272727272727273,0,0,2.272727272727273,0,0,0,0,0,0,0,0.9090909090909091,0,0,2.6363636363636362,0,0,0,0
2019-03,0,0,0,0,1.3114754098360655,0,0,0,0,0,0,0,0,0,0,0,0,0,0,0,0,0,0,0,0,0,0,0,0,0,0,0,1.5737704918032787,1.5,0,0,0,0,0,0,0,0,0,1.1147540983606556,0,0,1.7049180327868851,0,0,0,0
2019-04,0,0,1.1751412429378532,0,1.154228855721393,1.4857142857142858,0,0,0,0.6368159203980099,0,0,0,0.8756218905472637,1.2139303482587065,0,0,0,0,0,0,1.0149253731343284,0.9552238805970149,1.8308457711442787,0,1.472636815920398,0,0,0,0,0.7960199004975125,0,0.9950248756218906,0.7692307692307693,0,0.7761194029850746,0,1.1343283582089552,0.8909952606635071,0,0,0,0.9353233830845771,0.9751243781094527,0,0,1.3134328358208955,1.3134328358208955,0,0.9950248756218906,0
2019-05,0,0,0,0,1.3473684210526315,0,0,0,0,0.7578947368421053,0,0,0,0.968421053,0,0,0,0,0,0,0,1.3473684210526315,1.3473684210526315,0,0,2.2736842105263158,0,0,0,0,1.0947368421052632,0,1.0947368421052632,1.1733333333333333,0,1.1789473684210525,0,0,0,0,0,0,0,0.5894736842105263,0,0,0,0,0,0,0
2019-06,0,0,0,0,1.12,0,0,0,0,0,0,0,0,0,0,0,0,0,0,0,0,0,0,0,0,0,0,0,0,0,2,0,2,0,0,0,0,0,0,0,0,0,0,0.88,0,0,0,0,0,0,0
2019-07,0,0,0,0,1.2307692307692308,0,0,0,0,0,0,0,0,0,0,0,0,0,0,0,0,0,0,0,0,0,0,0,0,0,0,0,1.5384615384615385,0,0,0,0,0,0,0,0,0,0,1.2307692307692308,0,0,0,0,0,0,0
2019-08,0,0,0,0,1.565217391304348,0,0,0,0,2.260869565217391,0,0,0,0,0,0,0,0,0,0,0,0,0,0,0,0,0,0,0,0,5.565217391304348,0,2.4347826086956523,0,0,0,0,0,0,0,0,0,0,0,0,0,0,0,0,0,0
2019-09,0,0,0,0,1.3076923076923077,0,0,0,0,0,0,21.05263157894737,0,0,0,0,7.076923076923077,0,0,0,0,0,0,0,0,0,0,0,0,0,0,0,1,0,0,0,0,0,1.3076923076923077,0,0,0,0,1.6923076923076923,0,0,0,0,0,0,0
2019-10,0,0,2.140845070422535,0,0.85,0,0,0,0,0.7,0,0,0,1.35,0,0,0,0,0,0,1.9,0,2,0,0,0,0,0,0,0,0,0,0.85,0,0,3.15,0,0,1.3488372093023255,0,0,0,0,0.95,0,0,1.6,0,0,0,0
2019-11,0,0,0,0,1.4857142857142858,0,0,0,0,0,0,0,0,0.9714285714285714,2.6285714285714286,0,0,0,0,0,0,1.7714285714285714,0,0,0,0,0,0,0,0,0,0,0.8571428571428571,0,0,2.8,0,0,0,0,0,0,0,0.6857142857142857,0,0,0,0,0,0,0
2019-12,0,0,0,0,0.8135593220338984,0,0,0,0,0,0,0,0,0,0,0,0,0,0,0,0,0,0,0,0,0,0,0,0,0,0,0,2.237288136,0,0,0,0,0,0,0,0,0,0,0.9491525423728814,0,0,0,0,0,0,0
2020-01,0,0,0,0,1.2530120481927711,0,0,0,0,0,1.3513513513513513,0,0,0.963855422,0,0,0,0,0,0,0,0,0,0,0,0,0,0,0,0,0,0,1.0602409638554218,0.8615384615384616,0,2.4578313253012047,0,0,0.6597938144329897,0,0,0,0,0.7228915662650602,0,0,0,1.3012048192771084,0,0,0
2020-02,0,0,0,0,1.0545454545454545,0,0,0,0,0,0,0,0,0.9818181818181818,0,0,0,0,0,0,0,0,1.0909090909090908,0,0,0,0,0,0,0,0,0,1.4181818181818182,0,0,1.0545454545454545,0,0,0,0,0,0,0,0.5454545454545454,0,0,1.6363636363636365,1.309090909090909,0,0,0
2020-03,0,0,0,0,1.2857142857142858,0,0,0,0,0,0,0,0,1,0,0,0,0,0,0,0,0,0,0,0,0,0,0,0,0,0,0,0.7857142857142857,1.6744186046511629,0,0,0,0,0,0,0,0,0,0.9285714285714286,0,0,0,0,0,0,0
2020-04,0,0,0,0,0.8421052631578947,1.8333333333333333,0,0,0,0.7017543859649122,0,0,0,1.4035087719298245,0,0,0,0,0,0,0,1.9649122807017543,0,0,0,0,0,0,0,0,1.9649122807017543,0,0.9824561403508771,0,0,1.7543859649122806,0,0,0,0,0,0,0,0.7719298245614035,0,0,1.4035087719298245,0,0,0,0
2020-05,0,0,0,0,0.9777777777777777,0,0,0,0,0,0,0,0,1.2444444444444445,0,0,0,0,0,0,2.488888888888889,0,0,0,0,0,0,0,0,0,0,0,0.8888888888888888,0,0,0,0,0,0,0,0,0,0,0.8888888888888888,0,0,0,0,0,0,0
2020-06,0,0,0,0,1.3333333333333333,0,0,0,0,0,0,0,0,0,0,0,0,0,0,0,4.266666666666667,0,0,0,0,0,0,0,0,0,0,0,1.4666666666666666,0,0,0,0,0,0,0,0,0,0,1.2,0,0,0,0,0,0,0
2020-07,0,0,0,0,1.3333333333333333,0,0,0,0,0,0,0,0,0,0,0,0,0,0,0,0,0,0,0,0,0,0,0,0,0,7.733333333333333,0,0,0,0,0,0,0,4.8,0,0,0,0,2.6666666666666665,0,0,5.866666666666666,0,0,0,0
2020-08,0,0,0,0,1.9310344827586208,0,0,0,0,0,1.4166666666666667,0,0,0,0,0,0,0,9,0,0,0,0,0,0,0,0,0,0,0,4.827586206896552,0,0,0,0,0,0,0,0,0,0,0,0,2.0689655172413794,0,0,0,0,0,0,0
2020-09,0,0,0,0,1.04,0,3.04,0,0,0.84,0,0,0,0.76,0,0,0,0,0,0,0,0,0.84,0,0,0,0,0,0,0,1.04,0,1.4,0,0,0,0,0,0.88,0,0,0,1.72,0.8,0,0,0.84,0,0,0,0
2020-10,0,0,0,0,0.6717557251908397,1.2661870503597121,0,0,0,0.48854961832061067,0,0,0,0,0,0,0,0,0,0,0,0,0.8854961832061069,0,0,0,0,0,0,0,0.9465648854961832,0,2.7480916030534353,0,0,0.8244274809160306,0,0,0,0,0,0,0,0.5801526717557252,0,0,0,0,0,0,0
2020-11,0,0,1.7846153846153847,0,1.44,0,0,0,0,0.6933333333333334,0,0,0,0.8533333333333334,0,0,0,0,0,0,0,0,0,2.6133333333333333,0,0,0,0,0,0,0,0,0.7466666666666667,0,0,1.1733333333333333,0,0,1.3333333333333333,0,0,0,2.88,0.96,0,0,0,1.92,0,0,0
2020-12,0,0,0,0,2,0,0,0,0,0,1.4193548387096775,0,0,0,0,0,0,0,0,0,0,0,3.3333333333333335,0,0,8.8,0,0,0,0,0,0,0,0,0,0,0,0,2.4615384615384617,0,0,0,0,2,0,0,0,0,0,0,0
2021-01,0,0,0,0,1.3714285714285714,0,0,0,0,1.1428571428571428,0,0,0,0,0,0,0,0,0,0,3.5428571428571427,0,0,0,0,0,0,0,0,0,0,0,1.6,0,0,2.9714285714285715,0,0,0,0,0,0,0,1.0285714285714285,0,0,0,0,0,0,0
2021-02,0,0,0,0,1.8333333333333333,0,0,0,0,1.0833333333333333,0,0,0,0,0,0,0,0,0,23.529411764705884,0,0,0,0,0,0,0,0,0,0,0,0,1.4166666666666667,0,0,0,0,0,0,0,0,0,0,0.75,0,0,2.0833333333333335,0,0,0,0
2021-03,0,0,0,0,1.263157894736842,0,0,0,0,0.8947368421052632,0,0,0,1.0526315789473684,0,0,0,0,0,10.4,0,0,0,0,0,0,0,0,0,0,0,0,0.6842105263157895,1.2666666666666666,0,1,0,0,0,0,0,0,0,1,0,0,0,1.6842105263157894,0,0,0
2021-04,0,0,0,0,1.1891891891891893,0,0,0,0,0.7027027027027027,3.0588235294117645,0,0,1.135135135135135,0,0,0,0,0,0,0,1.6756756756756757,0,0,0,3.027027027027027,0,0,0,0,0,0,0.6486486486486487,0,0,0,0,0,0,0,0,0,0,1.027027027027027,0,0,0,0,0,0,0
2021-05,0,0,0,0,2.4347826086956523,0,0,0,0,1.9130434782608696,0,0,0,0,0,0,0,0,0,0,0,0,8.869565217391305,0,0,0,0,0,0,0,0,0,0,3.7777777777777777,0,3.8260869565217392,0,0,2.923076923076923,0,0,0,0,1.565217391304348,0,0,0,0,0,0,0
2021-06,0,0,0,0,2.4761904761904763,0,0,0,0,0,0,0,0,0,0,0,0,0,0,0,0,0,0,0,0,0,0,0,0,0,0,0,0,0,0,0,0,0,8.4,0,0,0,0,1.5238095238095237,0,0,0,0,0,0,0
2021-07,0,0,0,0,4,0,0,0,0,0,0,0,0,0,0,0,0,0,0,0,0,0,0,0,0,0,0,0,0,0,0,0,0,0,0,0,0,0,0,0,0,0,0,0,0,0,0,0,0,0,0
2021-08,0,0,0,0,2.1052631578947367,0,0,0,0,0,0,0,0,0,0,0,0,0,0,0,0,0,0,0,0,0,0,0,0,0,0,0,1.894736842105263,0,0,0,0,0,0,0,0,0,0,0,0,0,0,0,0,0,0
2021-09,0,0,0,0,1.435897435897436,0,0,0,0,1.1282051282051282,0,0,0,0,0,0,0,0,0,0,0,0,0,0,0,0,0,0,0,0,0,0,1.1282051282051282,0,0,0,0,0,0,0,0,0,3.8974358974358974,1.435897435897436,0,0,0,0,0,0,0
2021-10,0,0,0,0,1.0344827586206897,0,0,0,0,0,0,0,0,1.4482758620689655,0,0,0,0,0,0,0,0,0,0,0,0,0,0,0,0,1.9310344827586208,0,0.7586206896551724,0,0,1.4482758620689655,0,0,1.5238095238095237,0,0,0,0,0.7586206896551724,0,0,0,0,0,0,0
2021-11,0,0,0,0,1.353846153846154,0,0,0,0,0,0,0,0,0,0,0,0,0,0,0,0,0,2.4,0,0,0,0,0,0,0,0,0,1.2307692307692308,1.44,0,1.9076923076923078,0,4.061538461538461,0,0,0,0,0,1.4153846153846155,5.846153846153846,0,0,0,0,0,0
2021-12,0,0,0,0,1.0566037735849056,0,0,0,0,0.8301886792452831,0,0,0,1.3584905660377358,3.9245283018867925,0,0,0,0,0,0,0,0,0,0,0,0,0,0,0,0,0,0.9056603773584906,0,0,0,0,0,0,0,0,0,0,0.6792452830188679,0,0,0,2.490566037735849,0,0,0
2022-01,0,0,0,0,4,0,0,0,0,3,0,0,0,0,0,0,0,0,0,0,0,0,0,0,0,0,0,0,0,0,0,0,0,0,0,0,0,0,0,0,0,0,0,0,0,0,0,0,0,0,0
2022-02,0,0,0,0,1.6,0,0,0,0,0.88,0,0,0,0,0,0,0,0,0,0,0,0,2.48,0,0,0,0,0,0,0,0,0,0.88,0,0,2.4,0,0,0,0,0,0,0,1.52,0,0,0,0,0,0,0
2022-03,0,0,0,0,1.0731707317073171,0,2.975609756097561,0,0,0.5853658536585366,0,0,0,0.926829268,0,0,0,0,0,0,1.8048780487804879,1.170731707317073,0,0,0,0,0,0,0,6.451612903225806,1.5121951219512195,0,1.2195121951219512,0.9230769230769231,0,0.926829268,0,0,1.8,0,0,0,0,0.7804878048780488,0,0,1.3170731707317074,1.3658536585365855,0,0,0
2022-04,0,0,0,0,1.1304347826086956,1.36,0,0,0,0.5652173913043478,0,0,0,1.2608695652173914,1.3043478260869565,0,0,0,0,0,1.2173913043478262,1.3478260869565217,1.0869565217391304,0,0,0,0,0,0,0,1.1304347826086956,0,0.6086956521739131,0.7222222222222222,0,1.173913043478261,0,0,1.0204081632653061,0,0,0,0,1,2.6956521739130435,0,0.8260869565217391,0,0,0,0
2022-05,0,0,0,0,0.9696969696969697,0,0,0,0,0,0,0,0,1.3737373737373737,0,0,0,0,0,0,0,1.9393939393939394,0,0,0,0,0,0,0,0,0,0,0.7676767676767676,1.1282051282051282,0,1.1717171717171717,0,0,0.8543689320388349,0,0,0,0,0.8888888888888888,0,0,0.8888888888888888,1.0909090909090908,0,1.5757575757575757,0
2022-06,0,0,0,0,2.2222222222222223,0,0,0,0,0,0,0,0,0,0,0,0,0,0,0,0,7.111111111111111,0,0,0,0,0,0,0,0,0,0,0,0,0,0,0,0,0,0,0,0,0,1.7777777777777777,0,0,0,0,0,0,0
2022-07,0,0,0,0,0.9285714285714286,0,0,0,0,0.8571428571428571,0,0,0,1.3571428571428572,0,0,0,0,12.5,0,0,0,0,0,0,0,0,0,0,0,0,0,0.6428571428571429,0,0,0,0,0,0,0,0,0,0,1.0714285714285714,0,0,0,0,0,0,0
2022-08,0,0,0,0,2.08,0,0,0,0,2.08,0,0,0,0,0,0,0,0,0,0,0,4.32,0,0,0,0,0,0,0,0,0,0,0,0,0,0,0,9.44,0,0,0,0,5.76,1.92,0,0,0,0,0,0,0
2022-09,0,0,0,0,2.3684210526315788,0,0,0,0,0.47368421052631576,1.05,0,0,0,0,0,0,0,0,0,0,0,0,0,0,0,0,0,0,0,0,0,0.6842105263157895,0,0,0,0,0,1.2266666666666666,0,0,0,0,0.9473684210526315,0,0,0,0,0,0,23.529411764705884
2022-10,0,0,1.345132743362832,0,1.4573643410852712,0,0,0,0,0.37209302325581395,0.7516778523489933,0,0,1.1162790697674418,0,0,0,0,0,0,0,1.2713178294573644,0,1.302325581395349,0,0,0,0,0,0,0.7441860465116279,0,0.6821705426356589,1.0297029702970297,0,0.7441860465116279,0,0,0.5179856115107914,0,0,0,1.2403100775193798,0.7441860465116279,0,0,0.8372093023255814,0,0,0,0
2022-11,0,0,0,0,1.4177215189873418,0,0,0,0,0.8607594936708861,0.8791208791208791,0,0,0.9620253164556962,1.8227848101265822,0,0,2.8354430379746836,0,0,0,0,1.1645569620253164,0,0,0,0,0,0,0,0,0,0.759493671,1.032258064516129,0,1.7721518987341771,0,0,1.1219512195121952,0,0,0,0,0.8607594936708861,0,0,1.3670886075949367,0,0,2.329113924050633,0
2022-12,0.9846153846153847,0,1.069767441860465,0,1.4153846153846155,0.8442211055276382,0,0,0,0.5128205128205128,0.970873786,0,0,1.087179487179487,0.882051282,1.558974358974359,0,1.1487179487179486,0,0,0.7384615384615385,0.8205128205128205,1.005128205128205,0,0,1.353846153846154,0,0,0,0,0.9230769230769231,0,0.6974358974358974,0.8888888888888888,0,1.005128205128205,1.682051282051282,1.1282051282051282,0.8677248677248677,0,0,0,0,0.8,0,0,0.6974358974358974,0.9846153846153847,0,1.6205128205128205,0
2023-01,0,0,3.389830508474576,0,1.5820895522388059,0,0,0,0,0.5074626865671642,0.6357615894039735,0,0,0.9552238805970149,0,0,0,0,0,0,0,0.746268657,0.8955223880597015,1.5223880597014925,0,0,0,0,0,0,0.9253731343283582,0,0.7164179104477612,1.2190476190476192,0,1.0746268656716418,0,0,0.4927536231884058,0,0,0,1.1940298507462686,0.746268657,0,0,0.7761194029850746,1.1343283582089552,0,0,0