Month,Alabama,Alaska,Arizona,Arkansas,California,Colorado,Connecticut,District of Columbia,Delaware,Florida,Georgia,Hawaii,Idaho,Illinois,Indiana,Iowa,Kansas,Kentucky,Louisiana,Maine,Maryland,Massachusetts,Michigan,Minnesota,Mississippi,Missouri,Montana,Nebraska,Nevada,New Hampshire,New Jersey,New Mexico,New York,North Carolina,North Dakota,Ohio,Oklahoma,Oregon,Pennsylvania,Rhode Island,South Carolina,South Dakota,Tennessee,Texas,Utah,Vermont,Virginia,Washington,West Virginia,Wisconsin,Wyoming
2014-01,0.0,0.0,0.0,0.0,0.0,0.0,0.0,0.0,0.0,0.0,0.0,0.0,0.0,0.0,0.0,0.0,0.0,0.0,0.0,0.0,0.0,0.0,0.0,0.0,0.0,0.0,0.0,0.0,0.0,0.0,0.0,0.0,0.0,0.0,0.0,0.0,0.0,0.0,0.0,0.0,0.0,0.0,0.0,0.0,0.0,0.0,0.0,0.0,0.0,0.0,0.0
2014-02,0.0,0.0,0.0,0.0,0.0,0.0,0.0,0.0,0.0,0.0,0.0,0.0,0.0,0.0,0.0,0.0,0.0,0.0,0.0,0.0,0.0,0.0,0.0,0.0,0.0,0.0,0.0,0.0,0.0,0.0,0.0,0.0,0.0,0.0,0.0,0.0,0.0,0.0,0.0,0.0,0.0,0.0,0.0,0.0,0.0,0.0,0.0,0.0,0.0,0.0,0.0
2014-03,0.0,0.0,0.0,0.0,0.0,0.0,0.0,0.0,0.0,0.0,0.0,0.0,0.0,0.0,0.0,0.0,0.0,0.0,0.0,0.0,0.0,0.0,0.0,0.0,0.0,0.0,0.0,0.0,0.0,0.0,0.0,0.0,0.0,0.0,0.0,0.0,0.0,0.0,0.0,0.0,0.0,0.0,0.0,0.0,0.0,0.0,0.0,0.0,0.0,0.0,0.0
2014-04,0.0,0.0,0.0,0.0,0.0,0.0,0.0,0.0,0.0,0.0,0.0,0.0,0.0,0.0,0.0,0.0,0.0,0.0,0.0,0.0,0.0,0.0,0.0,0.0,0.0,0.0,0.0,0.0,0.0,0.0,0.0,0.0,0.0,0.0,0.0,0.0,0.0,0.0,0.0,0.0,0.0,0.0,0.0,0.0,0.0,0.0,0.0,0.0,0.0,0.0,0.0
2014-05,0.0,0.0,0.0,0.0,0.0,0.0,0.0,0.0,0.0,0.0,0.0,0.0,0.0,0.0,0.0,0.0,0.0,0.0,0.0,0.0,0.0,0.0,0.0,0.0,0.0,0.0,0.0,0.0,0.0,0.0,0.0,0.0,0.0,0.0,0.0,0.0,0.0,0.0,0.0,0.0,0.0,0.0,0.0,0.0,0.0,0.0,0.0,0.0,0.0,0.0,0.0
2014-06,0.0,0.0,0.0,0.0,0.0,0.0,0.0,0.0,0.0,0.0,0.0,0.0,0.0,0.0,0.0,0.0,0.0,0.0,0.0,0.0,0.0,0.0,0.0,0.0,0.0,0.0,0.0,0.0,0.0,0.0,0.0,0.0,0.0,0.0,0.0,0.0,0.0,0.0,0.0,0.0,0.0,0.0,0.0,0.0,0.0,0.0,0.0,0.0,0.0,0.0,0.0
2014-07,0.0,0.0,0.0,0.0,0.0,0.0,0.0,0.0,0.0,0.0,0.0,0.0,0.0,0.0,0.0,0.0,0.0,0.0,0.0,0.0,0.0,0.0,0.0,0.0,0.0,0.0,0.0,0.0,0.0,0.0,0.0,0.0,0.0,0.0,0.0,0.0,0.0,0.0,0.0,0.0,0.0,0.0,0.0,0.0,0.0,0.0,0.0,0.0,0.0,0.0,0.0
2014-08,0.0,0.0,0.0,0.0,0.0,0.0,0.0,0.0,0.0,0.0,0.0,2.962962962962963,0.0,0.0,0.0,0.0,0.0,0.0,0.0,0.0,0.0,0.0,0.0,0.0,0.0,0.0,0.0,0.0,0.0,0.0,0.0,0.0,0.0,0.0,0.0,0.0,0.0,0.0,0.0,0.0,0.0,0.0,0.0,0.0,0.0,0.0,0.0,0.0,0.0,0.0,0.0
2014-09,0.0,0.0,0.0,0.0,0.0,0.0,0.0,0.0,0.0,0.0,0.0,0.0,0.0,0.0,0.0,0.0,0.0,0.0,0.0,0.0,0.0,0.0,0.0,0.0,0.0,0.0,0.0,0.0,0.0,0.0,0.0,0.0,0.0,0.0,0.0,0.0,0.0,0.0,0.0,0.0,0.0,0.0,0.0,0.0,0.0,0.0,0.0,0.0,0.0,0.0,0.0
2014-10,0.0,0.0,0.0,0.0,0.0,0.0,0.0,0.0,0.0,0.0,0.0,0.0,0.0,0.0,0.0,0.0,0.0,0.0,0.0,0.0,0.0,0.0,0.0,0.0,0.0,0.0,0.0,0.0,0.0,0.0,0.0,0.0,0.0,0.0,0.0,0.0,0.0,0.0,0.0,0.0,0.0,0.0,0.0,0.0,0.0,0.0,0.0,0.0,0.0,0.0,0.0
2014-11,0.0,0.0,0.0,0.0,0.0,0.0,0.0,0.0,0.0,0.0,0.0,0.0,0.0,0.0,0.0,0.0,0.0,0.0,0.0,0.0,0.0,0.0,0.0,0.0,0.0,0.0,0.0,0.0,0.0,0.0,0.0,0.0,0.0,0.0,0.0,0.0,0.0,0.0,0.0,0.0,0.0,0.0,0.0,0.0,0.0,0.0,0.0,0.0,0.0,0.0,0.0
2014-12,0.0,0.0,0.0,0.0,0.0,0.0,0.0,0.0,0.0,0.0,0.0,0.0,0.0,0.0,0.0,0.0,0.0,0.0,0.0,0.0,0.0,0.0,0.0,0.0,0.0,0.0,0.0,0.0,0.0,0.0,0.0,0.0,0.0,0.0,0.0,0.0,0.0,0.0,0.0,0.0,0.0,0.0,0.0,0.0,0.0,0.0,0.0,0.0,0.0,0.0,0.0
2015-01,0.0,0.0,0.0,0.0,0.0,0.0,0.0,0.0,0.0,0.0,0.0,0.0,0.0,0.0,0.0,0.0,0.0,0.0,0.0,0.0,0.0,0.0,0.0,0.0,0.0,0.0,0.0,0.0,0.0,0.0,0.0,0.0,0.0,0.0,0.0,0.0,0.0,0.0,0.0,0.0,0.0,0.0,0.0,0.0,0.0,0.0,0.0,0.0,0.0,0.0,0.0
2015-02,0.0,0.0,0.0,0.0,0.0,0.0,0.0,0.0,0.0,0.0,0.0,0.0,0.0,0.0,0.0,0.0,0.0,0.0,0.0,0.0,0.0,0.0,0.0,0.0,0.0,0.0,0.0,0.0,0.0,0.0,0.0,0.0,0.0,1.5873015873015872,0.0,0.0,0.0,0.0,0.0,0.0,0.0,0.0,0.0,0.0,0.0,0.0,0.0,0.0,0.0,0.0,0.0
2015-03,0.0,0.0,0.0,0.0,0.0,0.0,0.0,0.0,0.0,0.0,0.0,0.0,0.0,0.0,0.0,0.0,0.0,0.0,0.0,0.0,0.0,0.0,0.0,0.0,0.0,0.0,0.0,0.0,0.0,0.0,0.0,0.0,0.0,0.0,0.0,0.0,0.0,0.0,0.0,0.0,0.0,0.0,0.0,0.0,0.0,0.0,0.0,0.0,0.0,0.0,0.0
2015-04,0.0,0.0,0.0,0.0,0.0,0.0,0.0,0.9629629629629629,0.0,0.0,0.0,0.0,0.0,0.0,0.0,0.0,0.0,0.0,0.0,0.0,0.0,0.0,0.0,0.0,0.0,0.0,0.0,0.0,0.0,0.0,0.0,0.0,0.0,0.0,0.0,0.0,0.0,0.0,0.0,0.0,0.0,0.0,0.0,0.0,0.0,0.0,0.0,0.0,0.0,0.0,0.0
2015-05,0.0,0.0,0.0,0.0,0.0,0.0,0.0,0.0,0.0,0.0,0.0,0.0,0.0,0.0,0.0,0.0,0.0,0.0,0.0,0.0,0.0,0.0,0.0,0.0,0.0,0.0,0.0,0.0,0.0,0.0,0.0,0.0,0.0,0.0,0.0,0.0,0.0,0.0,0.0,0.0,0.0,0.0,0.0,0.0,0.0,0.0,0.0,0.0,0.0,0.0,0.0
2015-06,0.0,0.0,0.0,0.0,0.0,0.0,0.0,0.0,0.0,0.0,0.0,0.0,0.0,0.0,0.0,0.0,0.0,0.0,0.0,0.0,0.0,0.0,0.0,0.0,0.0,0.0,0.0,0.0,0.0,0.0,0.0,0.0,0.0,0.0,0.0,0.5802469135802469,0.0,0.0,0.0,0.0,0.0,0.0,0.0,0.0,0.0,0.0,0.0,0.0,0.0,0.0,0.0
2015-07,0.0,0.0,0.0,0.0,0.0,0.0,0.0,0.0,0.0,0.0,0.0,0.0,0.0,0.0,0.0,0.0,0.0,0.0,0.0,0.0,0.0,0.0,0.0,0.0,0.0,0.0,0.0,0.0,0.0,0.0,0.0,0.0,0.0,0.0,0.0,0.0,0.0,0.0,0.0,0.0,0.0,0.0,0.0,0.0,0.0,0.0,0.0,0.0,0.0,0.0,0.0
2015-08,0.0,0.0,0.0,0.0,0.0,0.0,0.0,0.0,0.0,0.0,0.0,0.0,0.0,0.0,0.0,0.0,0.0,0.0,0.0,0.0,0.0,0.0,0.0,0.0,0.0,0.0,0.0,0.0,0.0,0.0,0.0,0.0,0.0,0.0,0.0,0.0,0.0,0.0,0.0,0.0,0.0,0.0,0.0,0.0,0.0,0.0,0.0,0.0,0.0,0.0,0.0
2015-09,0.0,0.0,0.0,0.0,0.0,0.0,0.0,0.0,0.0,0.0,0.0,0.0,0.0,0.0,0.0,0.0,0.0,0.0,0.0,0.0,1.1975308641975309,0.0,0.0,0.0,0.0,0.0,0.0,0.0,0.0,0.0,0.0,0.0,0.0,0.0,0.0,0.0,0.0,0.0,0.0,0.0,0.0,0.0,0.0,0.0,0.0,0.0,0.0,0.0,0.0,0.0,0.0
2015-10,0.0,0.0,0.0,0.0,0.0,0.0,0.0,0.0,0.0,0.0,0.0,0.0,0.0,0.0,0.0,0.0,0.0,0.0,0.0,0.0,0.0,0.0,0.0,0.0,0.0,0.0,0.0,0.0,0.0,0.0,0.0,0.0,0.0,0.0,0.0,0.0,0.0,0.0,0.0,0.0,0.0,0.0,0.0,0.0,0.0,0.0,0.0,0.0,0.0,0.0,0.0
2015-11,0.0,0.0,0.0,0.0,0.0,0.0,0.0,0.0,0.0,0.0,0.0,0.0,0.0,0.0,0.0,0.0,0.0,0.0,0.0,0.0,0.0,0.0,0.0,0.0,0.0,0.0,0.0,0.0,0.0,0.0,0.0,0.0,0.0,0.0,0.0,0.0,0.0,0.0,0.0,0.0,0.0,0.0,0.0,0.0,0.0,0.0,0.0,0.0,0.0,0.0,0.0
2015-12,0.0,0.0,0.0,0.0,0.0,0.0,0.0,0.0,0.0,0.0,0.0,0.0,0.0,0.2839506172839506,0.0,0.0,0.0,0.0,0.0,0.0,0.0,0.0,0.0,0.0,0.0,0.0,0.0,0.0,0.0,0.0,0.0,0.0,0.0,0.0,0.0,0.0,0.0,0.0,0.0,0.0,0.0,0.0,0.0,0.0,0.0,0.0,0.0,0.0,0.0,0.0,0.0
2016-01,0.0,0.0,0.0,0.0,0.1111111111111111,0.0,0.0,0.0,0.0,0.0,0.0,0.0,0.0,0.0,0.0,0.0,0.0,0.0,0.0,0.0,0.0,0.0,0.0,0.0,0.0,0.0,0.0,0.0,0.0,0.0,0.0,0.0,0.0,0.0,0.0,0.0,0.0,0.0,0.0,0.0,0.0,0.0,0.0,0.0,0.0,0.0,0.0,0.0,0.0,0.0,0.0
2016-02,0.9753086419753086,0.0,0.0,0.0,0.08641975308641975,0.0,0.0,0.0,0.0,0.16049382716049382,0.0,0.0,0.0,0.0,0.0,0.0,0.0,0.0,0.0,0.0,0.0,0.0,0.0,0.0,0.0,0.0,0.0,0.0,0.0,0.0,0.0,0.0,0.1728395061728395,0.0,0.0,0.0,0.0,0.0,0.0,0.0,0.0,0.0,0.0,0.0,0.0,0.0,0.38271604938271603,0.0,0.0,0.0,0.0
2016-03,0.0,0.0,0.0,0.0,0.07407407407407407,0.0,0.0,0.0,0.0,0.0,0.0,0.0,0.0,0.0,1.1604938271604939,0.0,0.0,0.0,0.0,0.0,0.0,0.0,0.0,0.0,0.0,0.0,0.0,0.0,0.0,0.0,0.0,0.0,0.1728395061728395,0.0,0.0,0.0,0.0,0.0,0.0,0.0,0.0,0.0,0.0,0.0,0.0,0.0,0.0,0.0,0.0,0.0,0.0
2016-04,0.0,0.0,0.0,0.0,0.14814814814814814,0.0,0.0,0.0,0.0,0.0,0.0,0.0,0.0,0.0,0.0,0.0,0.0,0.0,0.0,0.0,0.0,0.0,0.0,0.0,0.0,0.0,0.0,0.0,0.0,0.0,0.0,0.0,0.0,0.0,0.0,0.0,0.0,0.0,0.0,0.0,0.0,0.0,0.0,0.0,0.0,0.0,0.0,0.0,0.0,0.0,0.0
2016-05,0.0,0.0,0.0,0.0,0.1111111111111111,0.0,0.0,0.0,0.0,0.0,0.0,0.0,0.0,0.0,0.0,0.0,0.0,0.0,0.0,0.0,0.0,0.0,0.0,0.0,0.0,0.0,0.0,0.0,0.0,0.0,0.0,0.0,0.16049382716049382,0.0,0.0,0.0,0.0,0.0,0.0,0.0,0.0,0.0,0.0,0.12345679012345678,0.0,0.0,0.0,0.0,0.0,0.0,0.0
2016-06,0.0,0.0,0.0,0.0,0.0,0.0,0.0,0.0,0.0,0.0,0.0,0.0,0.0,0.0,0.0,0.0,0.0,0.0,0.0,0.0,0.0,0.0,0.0,0.0,0.0,0.0,0.0,0.0,0.0,0.0,0.0,0.0,0.0,0.0,0.0,0.0,0.0,0.0,0.0,0.0,0.0,0.0,0.0,0.0,0.0,0.0,0.0,0.0,0.0,0.0,0.0
2016-07,0.0,0.0,0.0,0.0,0.08641975308641975,0.0,0.0,0.0,0.0,0.0,0.0,0.0,0.0,0.0,0.0,0.0,0.0,0.0,0.0,0.0,0.0,0.0,0.0,0.0,0.0,0.0,0.0,0.0,0.0,0.0,0.0,0.0,0.0,0.0,0.0,0.3333333333333333,0.0,0.0,0.0,0.0,0.0,0.0,0.0,0.0,0.0,0.0,0.0,0.0,0.0,0.0,0.0
2016-08,0.0,0.0,0.0,0.0,0.0,0.0,0.0,0.0,0.0,0.0,0.0,0.0,0.0,0.0,0.0,0.0,0.0,0.0,0.0,0.0,0.0,0.0,0.0,0.0,0.0,0.0,0.0,0.0,0.0,0.0,0.0,0.0,0.0,0.0,0.0,0.0,0.0,0.0,0.0,0.0,0.0,0.0,0.0,0.0,0.0,0.0,0.0,0.0,0.0,0.0,0.0
2016-09,0.0,0.0,0.0,0.0,0.09876543209876543,0.0,0.0,0.0,0.0,0.0,0.0,0.0,0.0,0.0,0.0,0.0,0.0,0.0,0.0,0.0,0.0,0.0,0.0,0.0,0.0,0.0,0.0,0.0,0.0,0.0,0.0,0.0,0.0,0.0,0.0,0.0,0.0,0.0,0.0,0.0,0.0,0.0,0.0,0.0,0.0,0.0,0.0,0.0,0.0,0.0,0.0
2016-10,0.0,0.0,0.0,0.0,0.16049382716049382,0.0,0.0,0.0,0.0,0.0,0.0,0.0,0.0,0.20987654320987653,0.0,0.0,0.0,0.0,0.0,0.0,0.0,0.0,0.0,0.0,0.0,0.0,0.0,0.0,0.0,0.0,0.0,0.0,0.0,0.0,0.0,0.0,0.0,0.8024691358024691,0.0,0.0,0.0,0.0,0.0,0.0,0.0,0.0,0.0,0.0,0.0,0.0,0.0
2016-11,0.0,0.0,0.0,0.0,0.13580246913580246,0.0,0.0,0.0,0.0,0.0,0.0,0.0,0.0,0.0,0.0,0.0,0.0,0.0,0.0,0.0,0.0,0.4567901234567901,0.0,0.0,0.0,0.0,0.0,0.0,0.0,0.0,0.0,0.0,0.19753086419753085,0.0,0.0,0.0,0.0,0.0,0.0,0.0,0.0,0.0,0.0,0.0,0.0,0.0,0.0,0.0,0.0,0.0,0.0
2016-12,0.0,0.0,0.0,0.0,0.07407407407407407,0.0,0.0,0.0,0.0,0.0,0.0,0.0,0.0,0.0,0.0,0.0,0.0,0.0,0.0,0.0,0.0,0.0,0.0,0.0,0.0,0.0,0.0,0.0,0.0,0.0,0.0,0.0,0.0,0.30158730158730157,0.0,0.0,0.0,0.0,0.0,0.0,0.0,0.0,0.0,0.0,0.0,0.0,0.0,0.0,0.0,0.6172839506172839,0.0
2017-01,1.0493827160493827,0.0,0.5211267605633803,0.0,0.2962962962962963,0.5569620253164557,0.0,0.9876543209876543,0.0,0.24691358024691357,0.4936708860759494,0.0,0.0,0.7037037037037037,0.5802469135802469,0.0,0.0,0.0,0.0,0.0,0.0,0.0,0.48148148148148145,0.0,0.0,0.654320987654321,0.0,0.0,0.0,0.0,0.35802469135802467,0.0,0.4444444444444444,0.4603174603174603,0.0,0.35802469135802467,1.0617283950617284,0.7160493827160493,0.589041095890411,0.0,0.0,0.0,0.5185185185185185,0.32098765432098764,0.0,0.0,0.6172839506172839,0.48148148148148145,0.0,0.0,0.0
2017-02,0.0,0.0,0.0,0.0,0.1728395061728395,0.810126582278481,0.0,0.0,0.0,0.2716049382716049,0.0,0.0,0.0,0.35802469135802467,0.0,0.0,0.0,0.0,0.0,0.0,0.0,0.0,0.5802469135802469,0.0,0.0,0.0,0.0,0.0,0.0,0.0,0.0,0.0,0.18518518518518517,0.0,0.0,0.5061728395061729,0.0,0.0,0.3287671232876712,0.0,0.0,0.0,0.0,0.1728395061728395,0.0,0.0,0.0,0.0,0.0,0.0,0.0
2017-03,0.9506172839506173,0.0,0.0,1.492537313432836,0.32098765432098764,0.0,0.0,0.0,0.0,0.13580246913580246,0.0,0.0,0.0,0.2839506172839506,0.0,0.0,0.0,0.0,0.0,0.0,0.0,0.0,0.0,0.0,0.0,0.0,0.0,0.0,0.0,0.0,0.2962962962962963,0.0,0.1728395061728395,0.2857142857142857,0.0,0.0,0.0,0.0,0.0,0.0,0.0,0.0,0.0,0.14814814814814814,0.0,0.0,0.0,0.37037037037037035,0.0,0.0,0.0
2017-04,0.0,0.0,0.0,0.0,0.20987654320987653,0.0,0.0,0.0,0.0,0.20987654320987653,0.0,0.0,0.0,0.2345679012345679,0.0,0.0,0.0,0.0,0.0,0.0,0.5185185185185185,0.0,0.3333333333333333,0.0,0.0,0.0,0.0,0.0,0.0,0.0,0.0,0.0,0.2962962962962963,0.0,0.0,0.0,0.0,0.0,0.0,0.0,0.0,0.0,0.0,0.18518518518518517,0.0,0.0,0.0,0.0,0.0,0.0,0.0
2017-05,0.0,0.0,0.0,0.0,0.2222222222222222,0.0,0.0,0.0,0.0,0.38271604938271603,0.0,0.0,0.0,0.24691358024691357,0.0,0.0,0.0,0.0,0.0,0.0,0.0,0.37037037037037035,0.0,0.0,0.0,0.0,0.0,0.0,0.0,0.0,0.0,0.0,0.19753086419753085,0.0,0.0,0.0,0.0,0.0,0.0,0.0,0.0,0.0,0.5925925925925926,0.12345679012345678,0.0,0.0,0.0,0.0,0.0,0.0,0.0
2017-06,0.0,0.0,0.0,0.0,0.18518518518518517,0.0,0.0,0.0,0.0,0.43209876543209874,0.0,0.0,0.0,0.0,0.0,0.0,0.0,0.0,0.0,0.0,0.0,0.0,0.0,0.0,0.0,0.0,0.0,0.0,0.0,0.0,0.3950617283950617,0.0,0.2345679012345679,0.0,0.0,0.0,0.0,0.0,0.0,0.0,0.0,0.0,0.0,0.0,0.0,0.0,0.0,0.0,0.0,0.0,0.0
2017-07,0.0,0.0,0.0,0.0,0.08641975308641975,0.0,0.0,0.0,0.0,0.20987654320987653,0.0,0.0,0.0,0.0,0.0,0.0,0.0,0.0,0.0,0.0,0.0,0.0,0.0,0.0,0.0,0.0,0.0,0.0,0.0,0.0,0.0,0.0,0.14814814814814814,0.0,0.0,0.0,0.0,0.0,0.0,0.0,0.0,0.0,0.0,0.0,0.0,0.0,0.0,0.0,0.0,0.0,0.0
2017-08,0.0,0.0,0.0,0.0,0.14814814814814814,0.0,0.0,0.0,0.0,0.0,0.0,0.0,0.0,0.345679012345679,0.0,0.0,0.0,0.0,0.0,0.0,0.0,0.0,0.0,0.0,0.0,0.0,0.0,0.0,0.0,0.0,0.0,0.0,0.13580246913580246,0.0,0.0,0.0,0.0,0.0,0.0,0.0,0.0,0.0,0.0,0.0,0.0,0.0,0.0,0.3950617283950617,0.0,0.0,0.0
2017-09,0.0,0.0,0.0,0.0,0.09876543209876543,0.0,0.0,0.0,0.0,0.0,0.0,0.0,0.0,0.0,0.0,0.0,0.0,0.0,0.0,0.0,0.0,0.0,0.0,0.0,0.0,0.0,0.0,0.0,0.0,0.0,0.0,0.0,0.0,0.0,0.0,0.0,0.0,0.0,0.0,0.0,0.0,0.0,0.0,0.0,0.0,0.0,0.0,0.0,0.0,0.0,0.0
2017-10,0.0,0.0,0.0,0.0,0.19753086419753085,0.0,0.0,0.0,0.0,0.0,0.0,0.0,0.0,0.0,0.0,0.0,0.0,0.0,0.0,0.0,0.0,0.0,0.0,0.0,0.0,0.0,0.0,1.9607843137254901,0.0,0.0,0.0,0.0,0.1111111111111111,0.0,0.0,0.0,0.0,0.0,0.0,0.0,0.0,0.0,0.0,0.0,0.0,0.0,0.0,0.0,0.0,0.0,0.0
2017-11,0.0,0.0,0.0,0.0,0.19753086419753085,0.0,0.0,0.0,0.0,0.1728395061728395,0.27848101265822783,0.0,0.0,0.2222222222222222,0.0,0.0,0.0,0.0,0.0,0.0,0.0,0.0,0.0,0.0,0.0,0.0,0.0,1.607843137254902,0.0,0.0,0.0,0.0,0.20987654320987653,0.0,0.0,0.0,0.0,0.0,0.0,0.0,0.0,0.0,0.0,0.09876543209876543,0.0,0.0,0.0,0.0,0.0,0.0,0.0
2017-12,0.0,0.0,0.0,0.0,0.1728395061728395,0.0,0.0,0.0,0.0,0.0,0.0,0.0,0.0,0.24691358024691357,0.0,0.0,0.0,0.0,0.0,0.0,0.0,0.0,0.0,0.0,0.0,0.0,0.0,0.0,0.0,0.0,0.0,0.0,0.14814814814814814,0.0,0.0,0.0,0.0,0.0,0.0,0.0,0.0,0.0,0.0,0.0,0.0,0.0,0.0,0.0,0.0,0.0,0.0
2018-01,0.0,0.0,0.0,0.0,0.24691358024691357,0.0,0.0,0.0,0.0,0.13580246913580246,0.0,0.0,0.0,0.0,0.0,0.0,0.0,0.0,0.0,0.0,0.0,0.4074074074074074,0.0,0.0,0.0,0.0,0.0,0.0,0.0,0.0,0.0,0.0,0.18518518518518517,0.0,0.0,0.2716049382716049,0.0,0.0,0.0,0.0,0.0,0.0,0.0,0.20987654320987653,0.0,0.0,0.0,0.38271604938271603,0.0,0.0,0.0
2018-02,0.0,0.0,0.0,0.0,0.1728395061728395,0.0,0.0,0.0,0.0,0.14814814814814814,0.0,0.0,0.0,0.35802469135802467,0.0,0.0,0.0,0.0,0.0,0.0,0.0,0.0,0.0,0.0,0.0,0.0,3.7037037037037037,0.0,0.0,0.0,0.0,0.0,0.20987654320987653,0.0,0.0,0.0,0.0,0.0,0.0,0.0,0.0,0.0,0.0,0.18518518518518517,0.0,0.0,0.6172839506172839,0.0,0.0,0.0,0.0
2018-03,0.0,0.0,0.0,0.0,0.24691358024691357,0.0,0.0,0.0,0.0,0.1728395061728395,0.0,0.0,0.0,0.2962962962962963,0.0,0.0,0.0,0.0,0.0,0.0,0.0,0.0,0.0,0.0,0.0,0.0,0.0,0.0,0.0,0.0,0.0,0.0,0.19753086419753085,0.0,0.0,0.0,0.0,0.0,0.410958904109589,0.0,0.0,0.0,0.0,0.18518518518518517,0.0,0.0,0.0,0.35802469135802467,0.0,0.0,0.0
2018-04,0.0,0.0,0.9859154929577465,0.0,1.0,1.2025316455696202,0.7901234567901234,0.0,0.0,0.5061728395061729,0.8607594936708861,0.0,0.0,1.037037037037037,0.8518518518518519,0.0,0.0,1.1975308641975309,0.8260869565217391,0.0,0.7283950617283951,0.7283950617283951,0.7777777777777778,0.8888888888888888,0.0,1.2098765432098766,0.0,0.0,1.0617283950617284,0.0,0.9876543209876543,0.0,1.2345679012345678,0.8095238095238095,0.0,0.6666666666666666,0.0,0.0,0.9315068493150684,0.0,0.9259259259259259,0.0,0.8888888888888888,0.8395061728395061,1.1728395061728396,0.0,0.8888888888888888,0.7530864197530864,0.0,0.7901234567901234,0.0
2018-05,0.0,0.0,0.0,0.0,0.3333333333333333,0.0,0.0,0.0,0.0,0.2962962962962963,0.0,0.0,0.0,0.2222222222222222,0.0,0.0,0.0,0.0,0.0,0.0,0.0,0.0,0.0,0.0,0.0,0.0,0.0,0.0,0.0,0.0,0.0,0.0,0.20987654320987653,0.0,0.0,0.0,0.0,0.0,0.2876712328767123,0.0,0.0,0.0,0.0,0.13580246913580246,0.0,0.0,0.0,0.5308641975308642,0.0,0.0,0.0
2018-06,0.0,0.0,0.0,0.0,0.16049382716049382,0.0,0.0,0.0,0.0,0.0,0.0,0.0,0.0,0.24691358024691357,0.0,0.0,0.0,0.0,0.0,0.0,0.0,0.0,0.41975308641975306,0.0,0.0,0.0,0.0,0.0,0.0,0.0,0.0,0.0,0.1728395061728395,0.0,0.0,0.0,0.0,0.0,0.0,0.0,0.0,0.0,0.0,0.0,0.0,0.0,0.0,0.0,0.0,0.0,0.0
2018-07,0.0,0.0,0.6056338028169014,0.0,0.3950617283950617,0.759493670886076,0.0,0.0,0.0,0.5185185185185185,0.5189873417721519,0.0,0.0,0.5061728395061729,0.6049382716049383,0.0,0.0,0.0,0.0,0.0,0.4444444444444444,0.5555555555555556,0.8641975308641975,0.0,0.0,0.8518518518518519,0.0,0.0,0.9629629629629629,0.0,0.41975308641975306,0.0,0.5061728395061729,0.6190476190476191,0.0,0.4444444444444444,0.9506172839506173,0.654320987654321,0.6438356164383562,0.0,0.0,0.0,0.7654320987654321,0.43209876543209874,0.0,0.0,0.5679012345679012,0.5061728395061729,0.0,0.0,0.0
2018-08,0.0,0.0,0.0,0.0,0.2222222222222222,0.0,0.0,0.0,0.0,0.2345679012345679,0.0,0.0,0.0,0.0,0.0,0.0,0.0,0.0,0.0,0.0,0.0,0.43209876543209874,0.3950617283950617,0.6419753086419753,0.0,0.0,0.0,0.0,0.0,0.0,0.7160493827160493,0.0,0.2962962962962963,0.0,0.0,0.0,0.0,0.0,0.0,0.0,0.0,0.0,0.0,0.24691358024691357,0.0,0.0,0.0,0.0,0.0,0.0,0.0
2018-09,0.0,0.0,0.0,0.0,0.13580246913580246,0.0,0.0,0.0,0.0,0.1728395061728395,0.0,0.0,0.0,0.0,0.0,0.0,0.0,0.0,0.0,0.0,0.0,0.0,0.0,0.0,0.0,0.0,0.0,0.0,0.0,0.0,0.0,0.0,0.13580246913580246,0.0,0.0,0.0,0.0,0.0,0.0,0.0,0.0,0.0,0.0,0.18518518518518517,0.0,0.0,0.0,0.0,0.0,0.0,0.0
2018-10,0.0,0.0,0.0,0.0,0.16049382716049382,0.0,0.0,0.0,0.0,0.0,0.26582278481012656,0.0,0.0,0.2222222222222222,0.0,0.0,0.0,0.0,0.0,0.0,0.0,0.0,0.0,0.0,0.0,0.0,0.0,0.0,1.0246913580246915,0.0,0.0,0.0,0.24691358024691357,0.2857142857142857,0.0,0.0,0.0,0.0,0.0,0.0,0.0,0.0,0.0,0.14814814814814814,0.0,0.0,0.0,0.0,0.0,0.0,0.0
2018-11,0.0,0.0,0.0,0.0,0.2839506172839506,0.0,0.0,0.0,0.0,0.2222222222222222,0.0,0.0,0.0,0.6049382716049383,0.0,0.0,0.0,0.0,0.0,0.0,0.0,0.6296296296296297,0.43209876543209874,0.0,0.0,0.5185185185185185,0.0,0.0,1.0864197530864197,0.0,0.0,0.0,0.32098765432098764,0.0,0.0,0.0,0.0,0.0,0.2876712328767123,0.0,0.0,0.0,0.0,0.24691358024691357,0.0,0.0,0.5432098765432098,0.0,0.0,0.0,0.0
2018-12,0.0,0.0,0.0,0.0,0.2839506172839506,0.0,0.0,0.0,0.0,0.0,0.0,0.0,0.0,0.0,0.0,0.0,0.0,0.0,0.0,0.0,0.0,0.0,0.0,0.0,0.0,0.0,0.0,0.0,0.0,0.0,0.0,0.0,0.20987654320987653,0.0,0.0,0.49382716049382713,0.0,0.0,0.0,0.0,0.0,0.0,0.0,0.0,0.0,0.0,0.0,0.0,0.0,0.0,0.0
2019-01,0.0,0.0,0.0,0.0,0.25925925925925924,0.6708860759493671,0.0,0.0,0.0,0.18518518518518517,0.0,0.0,0.0,0.0,0.0,0.0,0.0,0.0,0.0,0.0,0.0,0.0,0.0,0.0,0.0,0.0,0.0,0.0,0.0,0.0,0.0,0.0,0.24691358024691357,0.2698412698412698,0.0,0.3333333333333333,0.0,0.0,0.2465753424657534,0.0,0.0,0.0,0.0,0.16049382716049382,0.0,0.0,0.0,0.0,0.0,0.0,0.0
2019-02,0.0,0.0,0.0,0.0,0.18518518518518517,0.0,0.0,0.0,0.0,0.0,0.0,0.0,0.0,0.0,0.0,0.0,0.0,0.0,0.0,0.0,0.0,0.0,0.0,0.0,0.0,0.0,0.0,0.0,0.0,0.0,0.0,0.0,0.2345679012345679,0.0,0.0,0.30864197530864196,0.0,0.0,0.0,0.0,0.0,0.0,0.0,0.12345679012345678,0.0,0.0,0.35802469135802467,0.0,0.0,0.0,0.0
2019-03,0.0,0.0,0.0,0.0,0.24691358024691357,0.0,0.0,0.0,0.0,0.0,0.0,0.0,0.0,0.0,0.0,0.0,0.0,0.0,0.0,0.0,0.0,0.0,0.0,0.0,0.0,0.0,0.0,0.0,0.0,0.0,0.0,0.0,0.2962962962962963,0.2857142857142857,0.0,0.0,0.0,0.0,0.0,0.0,0.0,0.0,0.0,0.20987654320987653,0.0,0.0,0.32098765432098764,0.0,0.0,0.0,0.0
2019-04,0.0,0.0,0.7323943661971831,0.0,0.7160493827160493,0.9873417721518988,0.0,0.0,0.0,0.3950617283950617,0.0,0.0,0.0,0.5432098765432098,0.7530864197530864,0.0,0.0,0.0,0.0,0.0,0.0,0.6296296296296297,0.5925925925925926,1.1358024691358024,0.0,0.9135802469135802,0.0,0.0,0.0,0.0,0.49382716049382713,0.0,0.6172839506172839,0.47619047619047616,0.0,0.48148148148148145,0.0,0.7037037037037037,0.6438356164383562,0.0,0.0,0.0,0.5802469135802469,0.6049382716049383,0.0,0.0,0.8148148148148148,0.8148148148148148,0.0,0.6172839506172839,0.0
2019-05,0.0,0.0,0.0,0.0,0.3950617283950617,0.0,0.0,0.0,0.0,0.2222222222222222,0.0,0.0,0.0,0.2839506172839506,0.0,0.0,0.0,0.0,0.0,0.0,0.0,0.3950617283950617,0.3950617283950617,0.0,0.0,0.6666666666666666,0.0,0.0,0.0,0.0,0.32098765432098764,0.0,0.32098765432098764,0.3492063492063492,0.0,0.345679012345679,0.0,0.0,0.0,0.0,0.0,0.0,0.0,0.1728395061728395,0.0,0.0,0.0,0.0,0.0,0.0,0.0
2019-06,0.0,0.0,0.0,0.0,0.1728395061728395,0.0,0.0,0.0,0.0,0.0,0.0,0.0,0.0,0.0,0.0,0.0,0.0,0.0,0.0,0.0,0.0,0.0,0.0,0.0,0.0,0.0,0.0,0.0,0.0,0.0,0.30864197530864196,0.0,0.30864197530864196,0.0,0.0,0.0,0.0,0.0,0.0,0.0,0.0,0.0,0.0,0.13580246913580246,0.0,0.0,0.0,0.0,0.0,0.0,0.0
2019-07,0.0,0.0,0.0,0.0,0.14814814814814814,0.0,0.0,0.0,0.0,0.0,0.0,0.0,0.0,0.0,0.0,0.0,0.0,0.0,0.0,0.0,0.0,0.0,0.0,0.0,0.0,0.0,0.0,0.0,0.0,0.0,0.0,0.0,0.18518518518518517,0.0,0.0,0.0,0.0,0.0,0.0,0.0,0.0,0.0,0.0,0.14814814814814814,0.0,0.0,0.0,0.0,0.0,0.0,0.0
2019-08,0.0,0.0,0.0,0.0,0.1111111111111111,0.0,0.0,0.0,0.0,0.16049382716049382,0.0,0.0,0.0,0.0,0.0,0.0,0.0,0.0,0.0,0.0,0.0,0.0,0.0,0.0,0.0,0.0,0.0,0.0,0.0,0.0,0.3950617283950617,0.0,0.1728395061728395,0.0,0.0,0.0,0.0,0.0,0.0,0.0,0.0,0.0,0.0,0.0,0.0,0.0,0.0,0.0,0.0,0.0,0.0
2019-09,0.0,0.0,0.0,0.0,0.20987654320987653,0.0,0.0,0.0,0.0,0.0,0.0,3.7037037037037037,0.0,0.0,0.0,0.0,1.1358024691358024,0.0,0.0,0.0,0.0,0.0,0.0,0.0,0.0,0.0,0.0,0.0,0.0,0.0,0.0,0.0,0.16049382716049382,0.0,0.0,0.0,0.0,0.0,0.2328767123287671,0.0,0.0,0.0,0.0,0.2716049382716049,0.0,0.0,0.0,0.0,0.0,0.0,0.0
2019-10,0.0,0.0,0.5352112676056338,0.0,0.20987654320987653,0.0,0.0,0.0,0.0,0.1728395061728395,0.0,0.0,0.0,0.3333333333333333,0.0,0.0,0.0,0.0,0.0,0.0,0.4691358024691358,0.0,0.49382716049382713,0.0,0.0,0.0,0.0,0.0,0.0,0.0,0.0,0.0,0.20987654320987653,0.0,0.0,0.7777777777777778,0.0,0.0,0.3972602739726027,0.0,0.0,0.0,0.0,0.2345679012345679,0.0,0.0,0.3950617283950617,0.0,0.0,0.0,0.0
2019-11,0.0,0.0,0.0,0.0,0.32098765432098764,0.0,0.0,0.0,0.0,0.0,0.0,0.0,0.0,0.20987654320987653,0.5679012345679012,0.0,0.0,0.0,0.0,0.0,0.0,0.38271604938271603,0.0,0.0,0.0,0.0,0.0,0.0,0.0,0.0,0.0,0.0,0.18518518518518517,0.0,0.0,0.6049382716049383,0.0,0.0,0.0,0.0,0.0,0.0,0.0,0.14814814814814814,0.0,0.0,0.0,0.0,0.0,0.0,0.0
2019-12,0.0,0.0,0.0,0.0,0.14814814814814814,0.0,0.0,0.0,0.0,0.0,0.0,0.0,0.0,0.0,0.0,0.0,0.0,0.0,0.0,0.0,0.0,0.0,0.0,0.0,0.0,0.0,0.0,0.0,0.0,0.0,0.0,0.0,0.4074074074074074,0.0,0.0,0.0,0.0,0.0,0.0,0.0,0.0,0.0,0.0,0.1728395061728395,0.0,0.0,0.0,0.0,0.0,0.0,0.0
2020-01,0.0,0.0,0.0,0.0,0.32098765432098764,0.0,0.0,0.0,0.0,0.0,0.31645569620253167,0.0,0.0,0.24691358024691357,0.0,0.0,0.0,0.0,0.0,0.0,0.0,0.0,0.0,0.0,0.0,0.0,0.0,0.0,0.0,0.0,0.0,0.0,0.2716049382716049,0.2222222222222222,0.0,0.6296296296296297,0.0,0.0,0.2191780821917808,0.0,0.0,0.0,0.0,0.18518518518518517,0.0,0.0,0.0,0.3333333333333333,0.0,0.0,0.0
2020-02,0.0,0.0,0.0,0.0,0.35802469135802467,0.0,0.0,0.0,0.0,0.0,0.0,0.0,0.0,0.3333333333333333,0.0,0.0,0.0,0.0,0.0,0.0,0.0,0.0,0.37037037037037035,0.0,0.0,0.0,0.0,0.0,0.0,0.0,0.0,0.0,0.48148148148148145,0.0,0.0,0.35802469135802467,0.0,0.0,0.0,0.0,0.0,0.0,0.0,0.18518518518518517,0.0,0.0,0.5555555555555556,0.4444444444444444,0.0,0.0,0.0
2020-03,0.0,0.0,0.0,0.0,0.2222222222222222,0.0,0.0,0.0,0.0,0.0,0.0,0.0,0.0,0.1728395061728395,0.0,0.0,0.0,0.0,0.0,0.0,0.0,0.0,0.0,0.0,0.0,0.0,0.0,0.0,0.0,0.0,0.0,0.0,0.13580246913580246,0.2857142857142857,0.0,0.0,0.0,0.0,0.0,0.0,0.0,0.0,0.0,0.16049382716049382,0.0,0.0,0.0,0.0,0.0,0.0,0.0
2020-04,0.0,0.0,0.0,0.0,0.14814814814814814,0.4177215189873418,0.0,0.0,0.0,0.12345679012345678,0.0,0.0,0.0,0.24691358024691357,0.0,0.0,0.0,0.0,0.0,0.0,0.0,0.345679012345679,0.0,0.0,0.0,0.0,0.0,0.0,0.0,0.0,0.345679012345679,0.0,0.1728395061728395,0.0,0.0,0.30864197530864196,0.0,0.0,0.0,0.0,0.0,0.0,0.0,0.13580246913580246,0.0,0.0,0.24691358024691357,0.0,0.0,0.0,0.0
2020-05,0.0,0.0,0.0,0.0,0.13580246913580246,0.0,0.0,0.0,0.0,0.0,0.0,0.0,0.0,0.1728395061728395,0.0,0.0,0.0,0.0,0.0,0.0,0.345679012345679,0.0,0.0,0.0,0.0,0.0,0.0,0.0,0.0,0.0,0.0,0.0,0.12345679012345678,0.0,0.0,0.0,0.0,0.0,0.0,0.0,0.0,0.0,0.0,0.12345679012345678,0.0,0.0,0.0,0.0,0.0,0.0,0.0
2020-06,0.0,0.0,0.0,0.0,0.12345679012345678,0.0,0.0,0.0,0.0,0.0,0.0,0.0,0.0,0.0,0.0,0.0,0.0,0.0,0.0,0.0,0.3950617283950617,0.0,0.0,0.0,0.0,0.0,0.0,0.0,0.0,0.0,0.0,0.0,0.13580246913580246,0.0,0.0,0.0,0.0,0.0,0.0,0.0,0.0,0.0,0.0,0.1111111111111111,0.0,0.0,0.0,0.0,0.0,0.0,0.0
2020-07,0.0,0.0,0.0,0.0,0.06172839506172839,0.0,0.0,0.0,0.0,0.0,0.0,0.0,0.0,0.0,0.0,0.0,0.0,0.0,0.0,0.0,0.0,0.0,0.0,0.0,0.0,0.0,0.0,0.0,0.0,0.0,0.35802469135802467,0.0,0.0,0.0,0.0,0.0,0.0,0.0,0.2465753424657534,0.0,0.0,0.0,0.0,0.12345679012345678,0.0,0.0,0.2716049382716049,0.0,0.0,0.0,0.0
2020-08,0.0,0.0,0.0,0.0,0.1728395061728395,0.0,0.0,0.0,0.0,0.0,0.21518987341772153,0.0,0.0,0.0,0.0,0.0,0.0,0.0,0.782608695652174,0.0,0.0,0.0,0.0,0.0,0.0,0.0,0.0,0.0,0.0,0.0,0.43209876543209874,0.0,0.0,0.0,0.0,0.0,0.0,0.0,0.0,0.0,0.0,0.0,0.0,0.18518518518518517,0.0,0.0,0.0,0.0,0.0,0.0,0.0
2020-09,0.0,0.0,0.0,0.0,0.32098765432098764,0.0,0.9382716049382716,0.0,0.0,0.25925925925925924,0.0,0.0,0.0,0.2345679012345679,0.0,0.0,0.0,0.0,0.0,0.0,0.0,0.0,0.25925925925925924,0.0,0.0,0.0,0.0,0.0,0.0,0.0,0.32098765432098764,0.0,0.43209876543209874,0.0,0.0,0.0,0.0,0.0,0.3013698630136986,0.0,0.0,0.0,0.5308641975308642,0.24691358024691357,0.0,0.0,0.25925925925925924,0.0,0.0,0.0,0.0
2020-10,0.0,0.0,0.0,0.0,0.2716049382716049,0.5569620253164557,0.0,0.0,0.0,0.19753086419753085,0.0,0.0,0.0,0.0,0.0,0.0,0.0,0.0,0.0,0.0,0.0,0.0,0.35802469135802467,0.0,0.0,0.0,0.0,0.0,0.0,0.0,0.38271604938271603,0.0,1.1111111111111112,0.0,0.0,0.3333333333333333,0.0,0.0,0.0,0.0,0.0,0.0,0.0,0.2345679012345679,0.0,0.0,0.0,0.0,0.0,0.0,0.0
2020-11,0.0,0.0,0.4084507042253521,0.0,0.3333333333333333,0.0,0.0,0.0,0.0,0.16049382716049382,0.0,0.0,0.0,0.19753086419753085,0.0,0.0,0.0,0.0,0.0,0.0,0.0,0.0,0.0,0.6049382716049383,0.0,0.0,0.0,0.0,0.0,0.0,0.0,0.0,0.1728395061728395,0.0,0.0,0.2716049382716049,0.0,0.0,0.3013698630136986,0.0,0.0,0.0,0.6666666666666666,0.2222222222222222,0.0,0.0,0.0,0.4444444444444444,0.0,0.0,0.0
2020-12,0.0,0.0,0.0,0.0,0.18518518518518517,0.0,0.0,0.0,0.0,0.0,0.27848101265822783,0.0,0.0,0.0,0.0,0.0,0.0,0.0,0.0,0.0,0.0,0.0,0.30864197530864196,0.0,0.0,0.8148148148148148,0.0,0.0,0.0,0.0,0.0,0.0,0.0,0.0,0.0,0.0,0.0,0.0,0.3287671232876712,0.0,0.0,0.0,0.0,0.18518518518518517,0.0,0.0,0.0,0.0,0.0,0.0,0.0
2021-01,0.0,0.0,0.0,0.0,0.14814814814814814,0.0,0.0,0.0,0.0,0.12345679012345678,0.0,0.0,0.0,0.0,0.0,0.0,0.0,0.0,0.0,0.0,0.38271604938271603,0.0,0.0,0.0,0.0,0.0,0.0,0.0,0.0,0.0,0.0,0.0,0.1728395061728395,0.0,0.0,0.32098765432098764,0.0,0.0,0.0,0.0,0.0,0.0,0.0,0.1111111111111111,0.0,0.0,0.0,0.0,0.0,0.0,0.0
2021-02,0.0,0.0,0.0,0.0,0.2716049382716049,0.0,0.0,0.0,0.0,0.16049382716049382,0.0,0.0,0.0,0.0,0.0,0.0,0.0,0.0,0.0,3.225806451612903,0.0,0.0,0.0,0.0,0.0,0.0,0.0,0.0,0.0,0.0,0.0,0.0,0.20987654320987653,0.0,0.0,0.0,0.0,0.0,0.0,0.0,0.0,0.0,0.0,0.1111111111111111,0.0,0.0,0.30864197530864196,0.0,0.0,0.0,0.0
2021-03,0.0,0.0,0.0,0.0,0.2962962962962963,0.0,0.0,0.0,0.0,0.20987654320987653,0.0,0.0,0.0,0.24691358024691357,0.0,0.0,0.0,0.0,0.0,2.5161290322580645,0.0,0.0,0.0,0.0,0.0,0.0,0.0,0.0,0.0,0.0,0.0,0.0,0.16049382716049382,0.30158730158730157,0.0,0.2345679012345679,0.0,0.0,0.0,0.0,0.0,0.0,0.0,0.2345679012345679,0.0,0.0,0.0,0.3950617283950617,0.0,0.0,0.0
2021-04,0.0,0.0,0.0,0.0,0.2716049382716049,0.0,0.0,0.0,0.0,0.16049382716049382,0.3291139240506329,0.0,0.0,0.25925925925925924,0.0,0.0,0.0,0.0,0.0,0.0,0.0,0.38271604938271603,0.0,0.0,0.0,0.691358024691358,0.0,0.0,0.0,0.0,0.0,0.0,0.14814814814814814,0.0,0.0,0.0,0.0,0.0,0.0,0.0,0.0,0.0,0.0,0.2345679012345679,0.0,0.0,0.0,0.0,0.0,0.0,0.0
2021-05,0.0,0.0,0.0,0.0,0.1728395061728395,0.0,0.0,0.0,0.0,0.13580246913580246,0.0,0.0,0.0,0.0,0.0,0.0,0.0,0.0,0.0,0.0,0.0,0.0,0.6296296296296297,0.0,0.0,0.0,0.0,0.0,0.0,0.0,0.0,0.0,0.0,0.2698412698412698,0.0,0.2716049382716049,0.0,0.0,0.2602739726027397,0.0,0.0,0.0,0.0,0.1111111111111111,0.0,0.0,0.0,0.0,0.0,0.0,0.0
2021-06,0.0,0.0,0.0,0.0,0.16049382716049382,0.0,0.0,0.0,0.0,0.0,0.0,0.0,0.0,0.0,0.0,0.0,0.0,0.0,0.0,0.0,0.0,0.0,0.0,0.0,0.0,0.0,0.0,0.0,0.0,0.0,0.0,0.0,0.0,0.0,0.0,0.0,0.0,0.0,0.2876712328767123,0.0,0.0,0.0,0.0,0.09876543209876543,0.0,0.0,0.0,0.0,0.0,0.0,0.0
2021-07,0.0,0.0,0.0,0.0,0.09876543209876543,0.0,0.0,0.0,0.0,0.0,0.0,0.0,0.0,0.0,0.0,0.0,0.0,0.0,0.0,0.0,0.0,0.0,0.0,0.0,0.0,0.0,0.0,0.0,0.0,0.0,0.0,0.0,0.0,0.0,0.0,0.0,0.0,0.0,0.0,0.0,0.0,0.0,0.0,0.0,0.0,0.0,0.0,0.0,0.0,0.0,0.0
2021-08,0.0,0.0,0.0,0.0,0.12345679012345678,0.0,0.0,0.0,0.0,0.0,0.0,0.0,0.0,0.0,0.0,0.0,0.0,0.0,0.0,0.0,0.0,0.0,0.0,0.0,0.0,0.0,0.0,0.0,0.0,0.0,0.0,0.0,0.1111111111111111,0.0,0.0,0.0,0.0,0.0,0.0,0.0,0.0,0.0,0.0,0.0,0.0,0.0,0.0,0.0,0.0,0.0,0.0
2021-09,0.0,0.0,0.0,0.0,0.1728395061728395,0.0,0.0,0.0,0.0,0.13580246913580246,0.0,0.0,0.0,0.0,0.0,0.0,0.0,0.0,0.0,0.0,0.0,0.0,0.0,0.0,0.0,0.0,0.0,0.0,0.0,0.0,0.0,0.0,0.13580246913580246,0.0,0.0,0.0,0.0,0.0,0.0,0.0,0.0,0.0,0.4691358024691358,0.1728395061728395,0.0,0.0,0.0,0.0,0.0,0.0,0.0
2021-10,0.0,0.0,0.0,0.0,0.18518518518518517,0.0,0.0,0.0,0.0,0.0,0.0,0.0,0.0,0.25925925925925924,0.0,0.0,0.0,0.0,0.0,0.0,0.0,0.0,0.0,0.0,0.0,0.0,0.0,0.0,0.0,0.0,0.345679012345679,0.0,0.13580246913580246,0.0,0.0,0.25925925925925924,0.0,0.0,0.3287671232876712,0.0,0.0,0.0,0.0,0.13580246913580246,0.0,0.0,0.0,0.0,0.0,0.0,0.0
2021-11,0.0,0.0,0.0,0.0,0.2716049382716049,0.0,0.0,0.0,0.0,0.0,0.0,0.0,0.0,0.0,0.0,0.0,0.0,0.0,0.0,0.0,0.0,0.0,0.48148148148148145,0.0,0.0,0.0,0.0,0.0,0.0,0.0,0.0,0.0,0.24691358024691357,0.2857142857142857,0.0,0.38271604938271603,0.0,0.8148148148148148,0.0,0.0,0.0,0.0,0.0,0.2839506172839506,1.1728395061728396,0.0,0.0,0.0,0.0,0.0,0.0
2021-12,0.0,0.0,0.0,0.0,0.1728395061728395,0.0,0.0,0.0,0.0,0.13580246913580246,0.0,0.0,0.0,0.2222222222222222,0.6419753086419753,0.0,0.0,0.0,0.0,0.0,0.0,0.0,0.0,0.0,0.0,0.0,0.0,0.0,0.0,0.0,0.0,0.0,0.14814814814814814,0.0,0.0,0.0,0.0,0.0,0.0,0.0,0.0,0.0,0.0,0.1111111111111111,0.0,0.0,0.0,0.4074074074074074,0.0,0.0,0.0
2022-01,0.0,0.0,0.0,0.0,0.19753086419753085,0.0,0.0,0.0,0.0,0.14814814814814814,0.0,0.0,0.0,0.0,0.0,0.0,0.0,0.0,0.0,0.0,0.0,0.0,0.0,0.0,0.0,0.0,0.0,0.0,0.0,0.0,0.0,0.0,0.0,0.0,0.0,0.0,0.0,0.0,0.0,0.0,0.0,0.0,0.0,0.0,0.0,0.0,0.0,0.0,0.0,0.0,0.0
2022-02,0.0,0.0,0.0,0.0,0.24691358024691357,0.0,0.0,0.0,0.0,0.13580246913580246,0.0,0.0,0.0,0.0,0.0,0.0,0.0,0.0,0.0,0.0,0.0,0.0,0.38271604938271603,0.0,0.0,0.0,0.0,0.0,0.0,0.0,0.0,0.0,0.13580246913580246,0.0,0.0,0.37037037037037035,0.0,0.0,0.0,0.0,0.0,0.0,0.0,0.2345679012345679,0.0,0.0,0.0,0.0,0.0,0.0,0.0
2022-03,0.0,0.0,0.0,0.0,0.2716049382716049,0.0,0.7530864197530864,0.0,0.0,0.14814814814814814,0.0,0.0,0.0,0.2345679012345679,0.0,0.0,0.0,0.0,0.0,0.0,0.4567901234567901,0.2962962962962963,0.0,0.0,0.0,0.0,0.0,0.0,0.0,1.6129032258064515,0.38271604938271603,0.0,0.30864197530864196,0.23809523809523808,0.0,0.2345679012345679,0.0,0.0,0.3698630136986301,0.0,0.0,0.0,0.0,0.19753086419753085,0.0,0.0,0.3333333333333333,0.345679012345679,0.0,0.0,0.0
2022-04,0.0,0.0,0.0,0.0,0.32098765432098764,0.43037974683544306,0.0,0.0,0.0,0.16049382716049382,0.0,0.0,0.0,0.35802469135802467,0.37037037037037035,0.0,0.0,0.0,0.0,0.0,0.345679012345679,0.38271604938271603,0.30864197530864196,0.0,0.0,0.0,0.0,0.0,0.0,0.0,0.32098765432098764,0.0,0.1728395061728395,0.20634920634920634,0.0,0.3333333333333333,0.0,0.0,0.3424657534246575,0.0,0.0,0.0,0.0,0.2839506172839506,0.7654320987654321,0.0,0.2345679012345679,0.0,0.0,0.0,0.0
2022-05,0.0,0.0,0.0,0.0,0.2962962962962963,0.0,0.0,0.0,0.0,0.0,0.0,0.0,0.0,0.41975308641975306,0.0,0.0,0.0,0.0,0.0,0.0,0.0,0.5925925925925926,0.0,0.0,0.0,0.0,0.0,0.0,0.0,0.0,0.0,0.0,0.2345679012345679,0.3492063492063492,0.0,0.35802469135802467,0.0,0.0,0.3013698630136986,0.0,0.0,0.0,0.0,0.2716049382716049,0.0,0.0,0.2716049382716049,0.3333333333333333,0.0,0.48148148148148145,0.0
2022-06,0.0,0.0,0.0,0.0,0.12345679012345678,0.0,0.0,0.0,0.0,0.0,0.0,0.0,0.0,0.0,0.0,0.0,0.0,0.0,0.0,0.0,0.0,0.3950617283950617,0.0,0.0,0.0,0.0,0.0,0.0,0.0,0.0,0.0,0.0,0.0,0.0,0.0,0.0,0.0,0.0,0.0,0.0,0.0,0.0,0.0,0.09876543209876543,0.0,0.0,0.0,0.0,0.0,0.0,0.0
2022-07,0.0,0.0,0.0,0.0,0.16049382716049382,0.0,0.0,0.0,0.0,0.14814814814814814,0.0,0.0,0.0,0.2345679012345679,0.0,0.0,0.0,0.0,2.1739130434782608,0.0,0.0,0.0,0.0,0.0,0.0,0.0,0.0,0.0,0.0,0.0,0.0,0.0,0.1111111111111111,0.0,0.0,0.0,0.0,0.0,0.0,0.0,0.0,0.0,0.0,0.18518518518518517,0.0,0.0,0.0,0.0,0.0,0.0,0.0
2022-08,0.0,0.0,0.0,0.0,0.16049382716049382,0.0,0.0,0.0,0.0,0.16049382716049382,0.0,0.0,0.0,0.0,0.0,0.0,0.0,0.0,0.0,0.0,0.0,0.3333333333333333,0.0,0.0,0.0,0.0,0.0,0.0,0.0,0.0,0.0,0.0,0.0,0.0,0.0,0.0,0.0,0.7283950617283951,0.0,0.0,0.0,0.0,0.4444444444444444,0.14814814814814814,0.0,0.0,0.0,0.0,0.0,0.0,0.0
2022-09,0.0,0.0,0.0,0.0,0.5555555555555556,0.0,0.0,0.0,0.0,0.1111111111111111,0.26582278481012656,0.0,0.0,0.0,0.0,0.0,0.0,0.0,0.0,0.0,0.0,0.0,0.0,0.0,0.0,0.0,0.0,0.0,0.0,0.0,0.0,0.0,0.16049382716049382,0.0,0.0,0.0,0.0,0.0,0.3150684931506849,0.0,0.0,0.0,0.0,0.2222222222222222,0.0,0.0,0.0,0.0,0.0,0.0,5.555555555555555
2022-10,0.0,0.0,0.5352112676056338,0.0,0.5802469135802469,0.0,0.0,0.0,0.0,0.14814814814814814,0.35443037974683544,0.0,0.0,0.4444444444444444,0.0,0.0,0.0,0.0,0.0,0.0,0.0,0.5061728395061729,0.0,0.5185185185185185,0.0,0.0,0.0,0.0,0.0,0.0,0.2962962962962963,0.0,0.2716049382716049,0.4126984126984127,0.0,0.2962962962962963,0.0,0.0,0.2465753424657534,0.0,0.0,0.0,0.49382716049382713,0.2962962962962963,0.0,0.0,0.3333333333333333,0.0,0.0,0.0,0.0
2022-11,0.0,0.0,0.0,0.0,0.345679012345679,0.0,0.0,0.0,0.0,0.20987654320987653,0.25316455696202533,0.0,0.0,0.2345679012345679,0.4444444444444444,0.0,0.0,0.691358024691358,0.0,0.0,0.0,0.0,0.2839506172839506,0.0,0.0,0.0,0.0,0.0,0.0,0.0,0.0,0.0,0.18518518518518517,0.25396825396825395,0.0,0.43209876543209874,0.0,0.0,0.3150684931506849,0.0,0.0,0.0,0.0,0.20987654320987653,0.0,0.0,0.3333333333333333,0.0,0.0,0.5679012345679012,0.0
2022-12,0.5925925925925926,0.0,0.647887323943662,0.0,0.8518518518518519,0.5316455696202531,0.0,0.0,0.0,0.30864197530864196,0.6329113924050633,0.0,0.0,0.654320987654321,0.5308641975308642,0.9382716049382716,0.0,0.691358024691358,0.0,0.0,0.4444444444444444,0.49382716049382713,0.6049382716049383,0.0,0.0,0.8148148148148148,0.0,0.0,0.0,0.0,0.5555555555555556,0.0,0.41975308641975306,0.5396825396825397,0.0,0.6049382716049383,1.0123456790123457,0.6790123456790124,0.5616438356164384,0.0,0.0,0.0,0.0,0.48148148148148145,0.0,0.0,0.41975308641975306,0.5925925925925926,0.0,0.9753086419753086,0.0
2023-01,0.0,0.0,1.408450704225352,0.0,0.654320987654321,0.0,0.0,0.0,0.0,0.20987654320987653,0.3037974683544304,0.0,0.0,0.3950617283950617,0.0,0.0,0.0,0.0,0.0,0.0,0.0,0.30864197530864196,0.37037037037037035,0.6296296296296297,0.0,0.0,0.0,0.0,0.0,0.0,0.38271604938271603,0.0,0.2962962962962963,0.5079365079365079,0.0,0.4444444444444444,0.0,0.0,0.2328767123287671,0.0,0.0,0.0,0.49382716049382713,0.30864197530864196,0.0,0.0,0.32098765432098764,0.4691358024691358,0.0,0.0,0.0
