B01001_001E,B01001_002E,B01001_003E,B01001_004E,B01001_005E,B01001_006E,B01001_007E,B01001_008E,B01001_009E,B01001_010E,B01001_011E,B01001_012E,B01001_013E,B01001_014E,B01001_015E,B01001_016E,B01001_017E,B01001_018E,B01001_019E,B01001_020E,B01001_021E,B01001_022E,B01001_023E,B01001_024E,B01001_025E,B01001_026E,B01001_027E,B01001_028E,B01001_029E,B01001_030E,B01001_031E,B01001_032E,B01001_033E,B01001_034E,B01001_035E,B01001_036E,B01001_037E,B01001_038E,B01001_039E,B01001_040E,B01001_041E,B01001_042E,B01001_043E,B01001_044E,B01001_045E,B01001_046E,B01001_047E,B01001_048E,B01001_049E,GEO_ID,NAME,state,year
2988762,1450379,95979,102480,106018,63377,45181,23790,22584,61421,100717,90580,92633,88342,88387,93735,94243,36691,49642,30461,40787,51581,36006,20518,15226,1538383,92596,98094,101336,60428,43900,22922,23078,58264,101372,96094,97471,92468,95135,101016,103293,39832,56185,33996,46741,61955,46106,32666,33435,0400000US28,Mississippi,28,2018
6090062,2988772,191209,194598,201574,122092,82610,45190,43901,125747,206022,198711,190079,175047,184785,203502,204846,78470,108973,64196,85541,112267,76976,50603,41833,3101290,181723,186985,191061,115821,76296,43329,41696,121392,205093,199198,188912,179482,189784,209889,220493,83330,116530,70898,97292,131292,98004,70311,82479,0400000US29,Missouri,29,2018
1041732,524220,32041,32428,32877,19675,13789,8742,7621,22453,34244,33057,32959,29195,29955,33003,36495,15636,22215,13700,18214,23139,15307,9545,7930,517512,29769,31113,31350,18339,12649,6482,6914,21223,32246,32412,31222,27533,29146,33798,38760,15851,22717,13298,18546,22874,16596,11503,13171,0400000US30,Montana,30,2018
1904760,949910,67859,67718,67602,39442,27307,13668,14948,41167,64390,65885,62535,55944,55660,59732,62220,24543,31666,19820,24724,31581,22081,15354,14064,954850,63953,64572,64357,37015,25586,14545,13137,39421,60569,63533,60669,53511,53974,59682,63150,24256,34464,20290,27509,35129,26737,21525,27266,0400000US31,Nebraska,31,2018
2922849,1467165,93316,97511,96078,57719,33737,19239,18535,55066,109890,106517,99481,97941,99550,98101,92745,35012,49290,30857,43429,57648,37116,22677,15710,1455684,88995,91454,94554,54849,30908,17688,17213,54537,105969,102119,96169,96375,95944,95051,93462,36928,52855,33653,46380,61156,40082,25384,23959,0400000US32,Nevada,32,2018
1343622,664983,32777,36680,38934,25686,19324,9623,8856,28068,42722,40204,38624,38820,46684,52806,54593,19758,26922,16994,21998,26638,16705,11045,10522,678639,31302,35323,37675,24186,19456,9195,9239,25183,39176,39439,38050,40177,47359,54071,55894,21091,27741,17026,23587,29472,20468,14689,18840,0400000US33,New Hampshire,33,2018
8881845,4335930,266146,274580,287970,178390,112019,56134,58760,172487,290424,285524,283386,282410,304386,322210,308091,112999,150687,86995,118292,148824,102064,67531,65621,4545915,255538,265755,274698,170325,104436,54403,53892,166770,276273,283444,289582,287846,319607,340042,328115,124350,163303,99856,135876,182702,133834,103217,132051,0400000US34,New Jersey,34,2018
2092434,1035850,65489,68991,74413,43073,28906,14532,16461,46280,72920,71647,65487,58525,59422,64072,66737,26595,36576,23323,31120,41466,27747,17926,14142,1056584,62868,68869,69480,40981,27228,15083,14125,41375,68360,67732,62609,60633,61011,67898,73080,28397,41064,26582,34992,45445,32319,23045,23408,0400000US35,New Mexico,35,2018
19618453,9519555,594981,572979,586127,362400,260177,139796,136000,405268,742377,684918,616111,585959,631943,668150,648749,246711,327039,197948,258792,328161,226282,153959,144728,10098898,568625,548195,560394,347932,254251,135247,133323,406416,741922,691625,635317,608683,664013,711540,693619,275065,363912,228196,302021,404448,302182,228389,293583,0400000US36,New York,36,2018
10155624,4944759,308599,323060,337551,201335,143919,79011,76073,208855,344310,318284,310634,323661,335652,335438,323640,122190,167443,106784,146604,181219,120326,73844,56327,5210865,294594,312286,321145,194046,136995,68980,67299,200102,347356,329535,328935,336015,350558,354986,353337,135186,193616,121442,166596,219244,154668,109841,114103,0400000US37,North Carolina,37,2018
752201,386183,26850,26003,22931,13522,11561,6919,7400,21228,32642,29397,24267,21177,20737,23332,25372,9776,13204,7980,9235,11960,8477,5855,6358,366018,25970,24634,21358,12450,10118,5608,5796,19620,27263,24204,21413,19044,19537,22380,24497,8991,13090,7066,9498,12989,9973,9017,11502,0400000US38,North Dakota,38,2018
11641879,5703967,356158,364904,381863,236227,159095,83433,81108,229404,393824,363447,350595,342335,368484,392569,405748,157204,212336,129721,169754,204267,144488,92737,84266,5937912,339775,348619,365846,224776,152101,78172,79030,224283,385070,363140,351759,348864,376196,407180,429172,166350,229951,142146,189626,245127,186771,136152,167806,0400000US39,Ohio,39,2018
3918137,1941576,135154,137262,137209,81186,55006,30637,29915,84040,139956,135278,125658,116665,114931,121758,124069,46274,64471,39034,51888,68963,47262,30719,24241,1976561,128838,130543,131984,76530,50273,30957,27648,76954,134805,131742,122208,116843,114977,124032,130974,49921,70209,42598,60063,78917,58739,42796,44010,0400000US40,Oklahoma,40,2018
4081943,2023021,118970,122957,126795,76339,49816,27326,26926,81255,145960,144020,141355,130661,129889,127306,128966,53391,79320,49550,66626,80271,52718,32741,29863,2058922,112957,119662,118774,71724,48213,27353,26395,75788,140633,141840,138795,126958,127705,129210,137946,58438,85754,53351,72996,89182,60376,41473,53399,0400000US41,Oregon,41,2018
12791181,6263189,363116,370321,392373,243871,178501,89843,86600,251752,438627,407723,376257,369650,409982,443672,455388,176595,240840,144701,194334,239173,166919,115288,107663,6527992,346134,356853,372450,230212,173742,86458,87445,240147,422317,399081,373085,376230,418134,459506,479286,187882,257247,158387,216160,283264,216092,171292,216588,0400000US42,Pennsylvania,42,2018
1056611,513332,28137,29302,30294,19311,17232,8511,7754,23724,38292,34148,31068,30035,33847,37099,36680,14153,19099,11275,15214,18719,12281,8990,8167,543279,26450,28233,28649,18493,18342,9246,9190,20555,36762,33675,32049,30259,35915,39784,40052,15277,20784,12566,16933,22093,15583,13579,18810,0400000US44,Rhode Island,44,2018
27885195,13849775,1022326,1029753,1052203,615659,403141,217800,209558,604014,1055421,1024764,960504,924390,882591,857779,812347,295067,397084,233802,313318,388615,257255,163601,128783,14035420,976543,998398,1005211,592593,375799,198864,195571,572403,1014280,999832,955466,927222,895104,875566,846531,319394,434203,261133,349061,454786,320550,229762,237148,0400000US48,Texas,48,2018
4955925,2405726,147614,157158,158505,95185,70760,38450,38070,97990,167118,153268,145983,148438,151865,160572,156799,62383,87687,55157,81342,100618,64710,37848,28206,2550199,142476,150252,153768,91293,66402,32596,33800,96604,171078,157998,156178,152677,161955,173441,177514,71357,99608,64851,91210,117489,77941,53344,56367,0400000US45,South Carolina,45,2018
864289,435761,30977,30696,30106,17744,12278,6402,6585,18210,30057,29579,27302,24139,24337,27377,29641,11162,16463,10764,12331,14955,10305,7280,7071,428528,29430,29294,28910,15909,11125,6060,5710,17770,27370,27283,25175,22987,23068,26921,29562,11194,16658,9643,12936,15953,12326,10051,13193,0400000US46,South Dakota,46,2018
6651089,3243678,206076,211506,217232,131783,85935,47663,46618,133615,230485,211847,206381,207751,215466,219604,213346,81849,115819,73255,97969,121065,82041,49804,36568,3407411,197515,201283,210213,125786,81318,44847,44571,134422,233417,217262,215136,208908,222042,233143,234924,89965,128148,79854,109710,143874,102340,72716,76017,0400000US47,Tennessee,47,2018
624977,307973,15391,16449,17800,11376,10848,5426,5569,12681,18658,18035,17074,17672,19930,22383,23844,9566,13424,8240,10721,14106,8228,5924,4628,317004,14285,16075,16150,10820,10178,5216,5016,12002,17823,18298,18188,17616,20166,23822,25428,10368,13850,8110,12301,14778,10214,7240,9060,0400000US50,Vermont,50,2018
3045350,1532768,129503,133298,133551,75775,45260,22094,26760,81064,117104,111862,112895,96042,81757,75563,73856,28600,39689,23124,29952,37894,25777,16723,14625,1512582,123362,128131,123860,71569,44672,22595,26643,75148,112311,108535,108431,93095,79317,75897,75493,29752,41597,24589,32648,42337,30080,22096,20424,0400000US49,Utah,49,2018
8413774,4138574,262126,262476,268863,160621,117869,62634,61179,179327,299119,292064,275908,268434,277972,288812,275455,103456,138449,85367,114500,141649,93247,59520,49527,4275200,247829,256800,253960,154752,114625,58370,56928,165063,290642,288636,281439,270497,286761,303545,292016,113703,153198,95987,129726,165511,118607,82787,93818,0400000US51,Virginia,51,2018
7294336,3645665,232133,236092,228937,138580,89674,50995,49221,153213,285382,273997,253272,231804,236156,237502,240142,91135,128404,79013,101916,129502,79848,52733,46014,3648671,220875,226486,218358,131414,84684,45955,45545,140231,265299,261517,246460,224820,231612,238984,247031,97320,137607,82458,114092,143506,95236,66736,82445,0400000US53,Washington,53,2018
1829054,904196,51075,52365,54629,33334,23822,12696,13304,34599,56442,53366,54838,57543,59124,61837,64397,26362,38742,23682,34347,39409,28334,16488,13461,924858,48216,49735,52415,31604,21573,12830,11802,32971,54446,51994,53372,57009,58670,63121,67839,27711,40552,25817,35548,43909,33205,23833,26686,0400000US54,West Virginia,54,2018
5778394,2872376,172146,182519,190095,114824,79564,41934,42312,120433,185965,186545,182487,168620,183678,204999,210262,79682,108551,67157,85515,102331,71432,48926,42399,2906018,163774,175234,180396,109955,76762,40119,40702,116736,175496,181898,175676,167561,182165,206834,214517,79666,111592,67740,88529,116096,85194,65760,83616,0400000US55,Wisconsin,55,2018
581836,296979,19089,19686,20678,11611,7800,4670,4556,12232,20758,21153,19808,17379,17028,18198,19988,8934,11691,6608,9438,10491,6789,4762,3632,284857,18181,19994,18262,10218,7105,4445,3244,10774,19145,19333,18164,16180,15764,17967,20535,8138,11351,6458,8705,11176,8106,5630,5982,0400000US56,Wyoming,56,2018
3386941,1612865,80711,94778,106025,69871,47774,26341,26038,69305,110292,95444,98687,102939,103233,105233,101240,41237,54988,35622,53901,72699,53446,35262,27799,1774076,76927,91178,101679,66776,45986,26232,25043,67879,112589,103727,110871,112160,114923,122305,116448,46793,70666,41697,64608,91073,68708,48052,47756,0400000US72,Puerto Rico,72,2018
4864680,2355799,149151,154426,158729,98202,65598,36376,35261,97598,162663,148737,144144,147214,150559,160452,160682,60037,85569,51870,70217,91817,61026,38279,27192,2508881,142974,147748,153364,94199,65915,35484,34087,95610,165559,155701,153698,154326,159748,170310,173329,68825,94573,60161,80851,108141,80154,57880,56244,0400000US01,Alabama,01,2018
738516,385579,27605,26511,26200,15376,9785,6014,6587,20020,32871,29750,26104,22094,23403,25326,25948,9884,13164,7903,9285,10386,5747,3282,2334,352937,26635,26117,23521,14173,8117,4456,4790,14882,28979,26919,23444,21037,21471,23144,24956,9574,11231,6552,9155,10085,5694,4092,3913,0400000US02,Alaska,02,2018
6946685,3453439,222981,230966,237590,141556,97291,53619,52584,148625,253812,235745,218187,213557,209738,209304,202117,78444,113409,73286,102747,140586,102589,64662,50044,3493246,213121,221866,229677,136026,93324,49596,48052,135879,234547,221707,215619,207857,210350,215871,218373,87314,129661,83283,116285,158048,114385,73900,78505,0400000US04,Arizona,04,2018
2990671,1468412,97632,100727,101296,61628,41456,23681,21953,59003,99732,94689,92867,90446,89915,95671,94127,35723,51462,31690,44633,56516,39873,24481,19211,1522259,92679,97057,96499,58425,39559,21003,20268,58498,100506,94492,95262,90009,92179,98715,101233,39087,55656,34795,49787,66603,48538,34362,37047,0400000US05,Arkansas,05,2018
39148760,19453769,1268862,1274390,1307143,785629,534964,300238,291051,861027,1571925,1467111,1335677,1271347,1287549,1280116,1203213,452961,602955,362895,472769,589271,405391,273776,253509,19694991,1211817,1224929,1249526,751359,511626,272441,270702,814171,1470739,1394237,1309353,1268788,1290222,1297966,1262708,483344,653217,402402,540203,693891,499498,373791,448061,0400000US06,California,06,2018
5531141,2780831,171155,182468,183742,107404,75396,38768,39582,119777,221913,219400,199031,185937,181419,178165,178485,67167,93106,56955,73215,87863,56335,33978,29570,2750310,164044,172931,175592,102483,69347,34859,35734,109267,204719,203125,191163,173146,175971,179799,184516,72993,97899,60055,78215,99528,65456,45975,53493,0400000US08,Colorado,08,2018
949495,459570,27813,27532,30043,17767,12533,6729,6234,18042,33137,30102,27662,25972,28892,31832,31908,12523,16403,11587,14791,19562,13733,7817,6956,489925,27041,27634,28633,16963,12535,6891,6062,17064,32966,30153,28834,27770,31116,34613,36267,12946,19754,13216,17727,22783,16928,10547,11482,0400000US10,Delaware,10,2018
684498,324881,22724,17266,13562,7924,9721,5493,5610,13801,37850,36999,28413,20714,19244,19208,17978,6526,8470,4706,6276,9434,5706,3549,3707,359617,21968,16462,14001,7830,11942,6127,5333,17753,44563,40304,29082,20967,19030,18978,18475,7425,11043,6290,8827,11387,8783,5798,7249,0400000US11,District of Columbia,11,2018
3581504,1747131,94768,101921,115164,73109,53233,25649,25684,75761,113032,109545,103316,105773,120774,132434,129374,48708,64859,37397,50620,64036,43544,28605,29825,1834373,90215,99085,108971,69392,51448,25902,24184,68310,106947,110324,107236,110698,128414,140516,136796,52427,69955,41013,57061,77287,55333,43497,59362,0400000US09,Connecticut,09,2018
20598139,10071925,570515,579011,599823,369269,248252,139126,132153,385932,699552,650704,617492,618774,653838,695182,666945,258102,355805,234111,339287,468884,353420,231596,204152,10526214,546905,552728,577156,353145,230440,132337,128463,366157,674394,641298,629548,627945,672627,727190,732485,286049,414421,273603,388966,542743,403820,292005,331789,0400000US12,Florida,12,2018
10297484,5012229,335188,357301,363608,218482,148729,80033,74218,213036,362366,338616,334236,330002,343056,340861,314971,118196,152215,92412,129611,159804,101876,59748,43664,5285255,320622,339831,354535,211728,142267,72963,70935,207461,365322,353480,356064,352249,361891,361447,341093,129881,178312,108999,150647,193751,132646,89416,89715,0400000US13,Georgia,13,2018
1687809,845564,57945,63203,64606,38489,23499,12376,11366,35578,56883,54666,55210,50499,49737,50218,50707,21045,29642,18846,25230,30975,21128,13172,10544,842245,56219,60162,62390,36162,22483,11899,10927,31239,54597,54060,53223,50272,48399,50705,54800,20943,29859,19562,25567,33420,22757,15359,17241,0400000US16,Idaho,16,2018
1422029,713772,46487,43770,42966,24119,15904,10783,10900,32176,55520,51456,45573,44904,43746,44538,45570,18777,25405,17589,22865,26963,18110,12013,13638,708257,43901,41344,40701,23213,14438,7442,8410,27108,49267,48892,45560,41907,43226,45115,47219,18834,26903,18366,23878,29417,20523,17498,25095,0400000US15,Hawaii,15,2018
12821497,6295915,397436,408589,427108,260062,172162,88740,90422,266135,454479,443198,420224,404320,413405,428672,423041,161290,214985,126371,164710,210099,141562,95207,83698,6525582,379521,393757,409848,250240,165114,86413,84799,258808,443317,438307,421333,406176,422013,442449,445723,171572,232936,141820,186378,250247,184258,140699,169854,0400000US17,Illinois,17,2018
6637426,3271068,214555,223689,228198,139211,95055,49742,51584,144082,220237,209798,209675,200135,209750,219912,218036,84381,116561,69721,89334,111555,75560,49330,40967,3366358,203744,213565,217808,133523,90559,51239,48202,132855,217332,209565,209727,202177,209651,225242,230896,87895,122782,75016,102245,129824,97057,70047,85407,0400000US18,Indiana,18,2018
3132499,1554481,100506,104367,105386,62435,47632,24697,23990,68978,99723,101108,99404,88682,93739,101437,104817,42679,57561,34355,44239,55674,40005,27572,25495,1578018,96924,99659,100772,59983,44690,23953,22498,64656,96093,96609,95418,87513,92343,102069,108571,41219,59076,35348,48052,62021,49756,39373,51422,0400000US19,Iowa,19,2018
2908776,1449413,99309,102996,102582,61169,42080,23953,24550,66267,99768,96800,92248,85304,84853,91287,96152,34742,50326,30458,39388,47475,33026,23116,21564,1459363,94893,98404,98211,57981,39314,21468,20205,60719,92544,94108,88271,84568,84162,92935,96511,38292,54027,31794,41515,54390,41954,32691,40406,0400000US20,Kansas,20,2018
4440204,2186715,141232,144262,144977,88746,59574,33654,33280,92523,149271,140310,138038,138912,142750,150321,150850,55450,78084,48132,63752,80795,53660,32428,25714,2253489,133208,135826,139668,84100,57976,32402,30630,84142,146552,138502,139907,137624,144818,156215,159114,61513,84264,52792,72567,93662,67221,49036,51750,0400000US21,Kentucky,21,2018
4663616,2279968,157355,155651,158333,93518,61646,35539,35427,95651,171475,162487,151846,133405,137771,147343,149546,58353,78716,47911,63314,75941,51798,31648,25294,2383648,151984,153443,148083,90107,56229,35057,32991,94661,171621,164309,151197,139749,143848,157744,161386,63050,87388,52318,70920,92211,66799,48288,50265,0400000US22,Louisiana,22,2018
1332813,652299,33208,36685,36809,23992,16645,7905,7814,24183,39578,38216,36633,38475,43732,49817,52468,20335,28353,18783,24966,29707,19329,12801,11865,680514,31229,34016,35869,22853,16257,8151,8287,21013,39039,39013,37688,39921,45494,51691,55803,22106,30359,20023,25397,33552,23801,17484,21468,0400000US23,Maine,23,2018
6003435,2910323,186840,190426,191702,116895,79087,41166,39688,117449,209055,201992,191659,181182,197922,211521,201096,73391,101386,59610,77909,96912,64474,41872,37089,3093112,179334,182217,184210,112553,75966,37006,37144,116894,207708,209316,201341,192099,213331,229151,220599,81418,115354,69024,91215,118940,86661,60222,71409,0400000US24,Maryland,24,2018
6830193,3313979,185470,186240,204948,128230,103219,50860,51145,144653,249841,231315,203435,205395,223410,241487,233331,87325,119080,70133,92677,120067,76277,54287,51154,3516214,177211,183150,192509,122139,105793,51509,51423,142899,248151,234335,211385,214491,236974,254905,248449,95002,132260,80096,106104,142678,101225,79591,103935,0400000US25,Massachusetts,25,2018
9957488,4899118,293111,305110,322016,203374,138903,76663,74862,214985,331851,297916,291756,289022,320074,344126,350830,137589,186436,113006,146845,185639,124857,79592,70555,5058370,279263,291484,308026,193714,133123,72166,73251,205222,319172,296910,294852,294670,326234,354837,371246,143774,199976,122719,161277,213767,152714,114420,135553,0400000US26,Michigan,26,2018
5527358,2751748,179875,186233,184617,110022,72331,37892,36115,109878,188730,194922,182777,164773,174263,190011,194870,69964,100279,58582,75006,93172,63535,42503,41398,2775610,171865,177695,176879,104421,69724,35357,35401,107291,179320,189972,176299,161719,171011,190429,198585,72268,101458,60585,80594,102752,77644,59403,74938,0400000US27,Minnesota,27,2018
4876250,2359355,149090,153494,158617,98257,64980,35870,35040,95065,165052,149779,145896,142753,150054,156317,159122,61482,88291,52535,71531,96020,62845,39335,27930,2516895,144097,147570,151839,93412,65837,35427,33548,93230,167570,155546,154545,153194,159501,166787,174087,69293,96727,59558,83413,113624,82251,59420,56419,0400000US01,Alabama,01,2019
737068,384915,27062,26776,25921,15200,9746,6154,6029,19262,33136,30027,26569,21886,22918,24477,25581,9826,13370,8044,10016,10959,5844,3606,2506,352153,26175,26034,23348,13878,7880,4003,4659,14355,29069,27092,24203,20726,21008,22294,24504,9531,11786,6658,9489,11121,5978,4381,3981,0400000US02,Alaska,02,2019
7050299,3504509,221817,228224,241782,142358,99160,53415,52100,149020,260409,239400,224585,213395,211838,208076,204916,81354,116718,73745,106023,148322,108212,67677,51963,3545790,212151,222346,229950,136716,95118,49240,48432,135938,240952,224186,219056,209752,213146,214302,222592,89972,131135,85291,121138,166001,121595,77798,78983,0400000US04,Arizona,04,2019
2999370,1471760,96986,100270,101442,61421,41658,23070,21553,59319,100466,95098,92836,89930,89791,93367,94658,36335,51933,31556,45109,58729,42066,24801,19366,1527610,92650,96604,96362,58533,39493,20986,20550,56834,101534,94719,95001,90690,92242,96411,100562,40560,56728,35669,49920,69390,49857,35058,37257,0400000US05,Arkansas,05,2019
39283497,19526298,1254607,1257974,1318355,779960,529837,295438,285103,839739,1591508,1484698,1359631,1262846,1279131,1261859,1209041,463834,614865,371074,487802,617578,420939,278686,261793,19757199,1196921,1210252,1257108,746969,508404,264323,265098,801866,1486984,1404674,1321745,1261665,1284503,1275929,1264187,490110,668292,409644,556798,729375,518080,382536,451736,0400000US06,California,06,2019
5610349,2823201,170300,180524,185281,108925,76031,38961,38944,119820,229326,225509,205640,187064,184400,175678,179037,69192,94840,58391,76337,94181,58616,35363,30841,2787148,163732,172738,175663,103842,69757,35463,34961,109828,209736,206929,195787,175692,177373,176069,185125,73671,100805,61882,82036,105518,69081,47666,53794,0400000US08,Colorado,08,2019
957248,462890,27732,27087,30472,17785,12405,6316,6371,17411,33367,30570,28083,25779,28420,31229,32502,12291,17394,11414,15530,21051,14556,8097,7028,494358,27098,26687,29734,17089,12615,7365,5624,16137,33050,30631,28704,28032,30680,33925,35264,13674,21551,13413,18294,24484,17768,11140,11399,0400000US10,Delaware,10,2019
692683,328644,22874,17846,13997,7905,9643,5454,5185,13565,38104,37811,29531,20961,19316,18929,18428,6307,8526,5126,6780,9005,6075,3550,3726,364039,22166,16415,14948,7779,12113,5834,5523,17320,44689,41268,29655,22154,19166,18712,18311,7434,11144,6493,9081,11669,8720,5993,7452,0400000US11,District of Columbia,11,2019
3575074,1744245,94516,100677,113237,71984,52666,25439,25480,75282,113876,110366,103719,104301,117313,129088,128121,49589,67558,37806,51550,66940,45353,28713,30671,1830829,89292,97323,108088,68716,50883,25549,23831,69016,107227,110273,106939,109780,124830,137197,136683,53746,71436,41696,58640,79790,56882,43939,59073,0400000US09,Connecticut,09,2019
20901636,10220813,577348,576826,612687,369763,248570,137718,131506,381473,711093,665891,635575,617319,656770,689307,681973,264002,366371,240228,345946,488271,374097,238778,209301,10680823,550866,555437,585198,354337,233376,132905,126974,360907,685703,654166,644120,628269,675827,720130,749165,291389,423247,278339,401994,566616,424863,301637,335358,0400000US12,Florida,12,2019
10403847,5062096,335418,353427,367305,220516,149282,79395,74003,212984,370961,341060,337271,327778,344508,338704,321553,119863,156497,95312,132969,166635,110045,61592,45018,5341751,321259,336657,357469,213189,145658,71342,71424,206240,372643,356110,360810,348275,365106,358810,345304,133141,183400,112358,155095,204926,138987,92745,90803,0400000US13,Georgia,13,2019
1717750,861025,58246,63364,65530,38552,23727,11826,12076,36283,58383,55590,56576,51894,50657,49784,51927,21145,30322,19135,25519,33590,21993,14196,10710,856725,56115,60656,61888,36796,22710,12045,10752,31628,55987,55014,54996,50748,49267,50316,55143,21890,31028,20282,26617,35054,24517,15871,17405,0400000US16,Idaho,16,2019
1422094,713260,45831,43395,43196,24143,15908,10257,10735,31120,55319,51230,46511,44357,43478,43593,45686,18247,25446,17361,23254,29006,19501,12297,13389,708834,43011,41457,40419,23186,14475,7077,8285,26594,49228,48530,46465,41643,42877,44073,46315,18395,28006,18790,24432,31078,22239,17137,25122,0400000US15,Hawaii,15,2019
12770631,6272172,392347,402708,422860,257971,170240,87147,88649,261119,454276,439469,420916,400248,408702,417296,420547,163232,219357,129128,170245,218086,147616,96152,83861,6498459,374846,385427,407573,247794,161702,85549,83047,255353,443204,433341,421648,401719,416835,429387,442526,173996,237066,145630,192024,258252,190284,140389,170867,0400000US17,Illinois,17,2019
6665703,3284846,214647,219483,231006,139112,95812,50082,51500,142889,224782,210400,212415,196331,208959,214854,218670,85250,118973,70530,92350,116975,78760,48840,42226,3380857,204038,212799,217708,133698,91557,50112,48256,132511,220883,210372,210719,200536,208990,219664,229476,89369,126262,75858,105973,135529,100956,71508,84083,0400000US18,Indiana,18,2019
3139508,1558536,99916,104906,104340,63034,46381,24650,23975,68657,101316,100192,102137,88541,92715,98130,104304,42561,58756,35173,46332,58035,40629,27790,26066,1580972,96511,98586,101835,59609,44523,23792,22744,63264,97267,96289,96661,88288,91065,98510,108001,42140,60390,36715,49484,64402,50316,39464,51116,0400000US19,Iowa,19,2019
2910652,1450697,97911,101650,103190,61186,41830,24281,24886,65199,100285,96321,93812,85149,84321,88198,94711,35324,51647,30679,41036,49995,33707,23275,22104,1459955,93202,98296,97581,58054,39974,21745,19517,59871,92836,93513,91887,82465,83230,89464,96262,38423,55104,32783,43197,56635,42908,32705,40303,0400000US20,Kansas,20,2019
4449052,2190922,140962,141685,146827,88702,59899,34221,31431,91799,152781,138799,137791,138491,141754,146884,148696,57212,79744,48523,66129,83711,55925,33676,25280,2258130,133630,133781,140525,83194,58441,32853,30181,81828,148803,137184,140255,136893,143559,152592,157802,62920,86795,53014,74726,98301,69864,49954,51035,0400000US21,Kentucky,21,2019
4664362,2278986,156310,153422,159808,92871,61301,35386,33176,92537,171712,162436,154901,132464,135297,143590,147336,58912,81771,48096,65010,80297,53635,33329,25389,2385376,151125,151083,149049,89682,56468,34244,31734,91013,171239,163826,155994,138195,142177,153207,160256,64284,89538,53491,73377,96450,69962,48337,50645,0400000US22,Louisiana,22,2019
1335492,653942,33029,35824,37271,23704,16880,7754,7813,23696,39866,39039,37082,37841,42869,48164,52203,20194,29254,19157,24983,31794,20751,12848,11926,681550,31006,33633,35503,22528,16024,8099,8143,20468,39601,39689,38098,39464,44472,49963,55001,22302,31447,20353,26662,35332,24283,17362,22117,0400000US23,Maine,23,2019
6018848,2917613,186260,189641,192189,116720,78990,40874,38650,115660,208364,203171,195139,179393,194449,206881,201069,75917,104117,60018,80510,101508,67085,43476,37532,3101235,178608,181046,185189,112029,76588,36441,36488,114467,206536,209873,205889,189184,209176,224806,220566,84548,117252,70092,94549,123760,89871,61855,72422,0400000US24,Maryland,24,2019
6850553,3324207,184591,183921,204666,127189,102416,51247,49999,143312,251951,235460,208330,201918,218469,236953,234920,87693,122408,71894,95531,125392,79264,54353,52330,3526346,176425,181968,190991,121509,105744,50401,50068,144423,248208,237866,214195,211924,232329,250351,249462,96171,135986,81362,110082,148936,105241,78358,104346,0400000US25,Massachusetts,25,2019
9965265,4905240,292118,303257,318238,200977,137171,75218,74280,210975,341403,301100,296034,282649,315149,335100,349826,138184,190254,115667,152958,192224,128832,82409,71217,5060025,278976,287808,305096,191408,131943,71500,71444,201376,327180,298092,297858,288829,321928,345081,368182,145389,204899,124491,168528,221549,159336,113276,135856,0400000US26,Michigan,26,2019
5563378,2770873,180180,186179,186170,110623,72410,37386,36120,108119,191022,195106,187712,165740,172394,183867,194157,72577,102628,59997,78804,97641,67035,43625,41381,2792505,171484,177681,178515,105016,69464,35133,34639,107359,180720,189489,181728,161897,168379,184028,199114,73883,103761,62264,84920,107113,80710,60683,74525,0400000US27,Minnesota,27,2019
2984418,1447873,95204,102265,103765,63265,44304,22965,22392,60701,101259,89411,92385,88087,88245,91743,93643,37243,50738,30908,42067,53727,37341,20558,15657,1536545,91443,95132,102443,59976,43138,23181,22132,56442,101941,95033,99681,91147,94653,98173,103167,39576,58523,34658,48357,63956,46185,33178,34430,0400000US28,Mississippi,28,2019
6104910,2995725,190266,194254,201182,121641,82080,43926,44133,123433,208704,199400,194276,172941,182889,196184,205640,80273,111100,64004,88986,116331,79726,51262,43094,3109185,181304,185863,191693,115409,76775,42157,40495,120250,206547,198756,192901,178065,188193,202661,220688,84819,119287,72107,100768,135530,101735,71503,81679,0400000US29,Missouri,29,2019
1050649,528573,31547,32638,33659,19676,14175,8105,7738,22426,34823,33265,33553,30030,29898,31863,35650,16126,22223,14123,18984,24134,16352,9600,7985,522076,29488,30578,32279,18521,12570,6412,6836,20706,32843,32473,32484,28348,28995,32157,38418,16481,22954,14034,19055,24299,17566,11504,13075,0400000US30,Montana,30,2019
1914571,954950,67670,67575,68388,39705,27165,14002,14687,41010,64937,65882,63955,56249,55272,57660,60950,24876,33321,20335,25915,32915,22838,15332,14311,959621,63803,64665,64673,37628,25704,14261,13655,38954,61260,63018,63024,53222,53509,57268,62693,24096,35765,20777,28919,36678,27024,21879,27146,0400000US31,Nebraska,31,2019
2972382,1491294,93629,97101,98880,58234,33923,19265,19123,54331,112293,108898,102589,97382,100303,98246,95045,35020,50948,31233,44767,60382,39973,23489,16240,1481088,89905,91641,96296,55356,31178,18116,17439,53270,108337,104137,98926,96534,97298,94919,95024,37568,54047,34975,47659,64618,43514,26033,24298,0400000US32,Nevada,32,2019
1348124,667689,32629,35913,39131,25339,19082,9831,8612,27797,43695,41600,38159,38708,45627,51219,54806,20033,27835,17117,22820,28423,17556,11230,10527,680435,31214,34231,37652,23855,18886,9038,8912,25665,39749,40149,38420,39415,46274,52522,56456,21345,28530,17695,24218,31183,21343,14990,18693,0400000US33,New Hampshire,33,2019
8878503,4335032,265206,272935,286319,176704,111239,55792,58466,168892,291657,286134,283984,279559,298842,314920,308338,115872,154410,88911,120671,154812,105954,69202,66213,4543471,254318,263429,273737,168873,103627,53432,53171,165984,278157,282312,291669,282116,313033,332796,328726,126402,167167,101045,139941,188530,140178,103495,131333,0400000US34,New Jersey,34,2019
2092454,1036190,64429,68180,74163,42757,28875,14284,16466,44819,73483,71354,67520,58010,59118,61493,65950,26830,37532,23676,31957,43623,28479,18490,14702,1056264,61721,67207,69317,40702,27031,14811,13727,40594,69087,67679,63689,60213,60330,65346,71852,28559,42639,26525,36933,47410,33765,22903,24224,0400000US35,New Mexico,35,2019
19572319,9501001,590459,564601,586741,359109,256892,136233,131364,395860,741840,690784,619075,577791,617208,652591,646211,250699,335279,201650,264453,343853,233901,155772,148635,10071318,563742,538811,561652,343384,251407,132410,130917,396800,739676,693650,637305,598836,648524,694758,692335,278508,370561,228867,310496,421102,312390,232280,292907,0400000US36,New York,36,2019
10264876,4996638,309721,320727,339855,202556,145319,76660,75374,211168,352512,322380,312212,320863,337645,333436,326968,125115,172944,107801,148672,192963,126694,75679,59374,5268238,295404,309820,323224,195307,141496,69495,66558,198333,353987,333698,333595,331363,352655,352545,356872,138994,198062,123508,171720,232130,162049,111800,115623,0400000US37,North Carolina,37,2019
756717,387555,27209,25724,23978,13221,11533,6981,6899,20183,33164,29494,25292,21329,20505,22417,24779,10165,13213,8113,9910,12416,8735,5897,6398,369162,26006,24941,22050,12615,9956,5515,5600,19238,28212,24609,22271,19254,19175,21413,24458,9186,13249,7562,9907,13331,10133,8864,11617,0400000US38,North Dakota,38,2019
11655397,5711765,355693,361228,381146,234620,158923,83045,80797,224157,399629,366263,353854,338033,364503,382462,402113,158276,217424,132156,175690,213511,148415,94738,85089,5943632,339018,344085,365929,223291,152137,78500,79094,217957,389805,366178,356500,343360,372220,395148,423321,169116,236278,144209,196479,254594,193012,137687,165714,0400000US39,Ohio,39,2019
3932870,1949528,133835,136290,138420,81242,55592,30656,30360,82906,140485,135434,127313,117294,115501,118444,123565,46639,66857,39255,53328,71375,48649,31155,24933,1983342,127481,129228,133618,76850,50672,30762,28006,74864,136035,131457,126218,115682,114719,120152,129984,50841,72074,43077,61337,82209,59981,43376,44719,0400000US40,Oklahoma,40,2019
4129803,2047338,118296,123603,127148,75979,49694,27183,27315,81219,149441,147197,144951,131686,131082,126305,129031,53353,79187,51442,68059,85319,55211,34682,29955,2082465,112261,119280,119332,72044,48139,26831,27340,75189,143841,143749,144050,126862,129337,127131,136637,58623,86932,54799,76528,94580,64202,41883,52895,0400000US41,Oregon,41,2019
12791530,6265113,361510,367642,391734,241767,176892,86978,86351,246170,440358,413820,383517,361949,403092,432175,452046,177423,246866,148309,199007,250720,172551,114641,109595,6526417,345053,356026,369838,228821,172650,84272,86400,235194,422780,403949,379934,368504,410219,447384,475034,189229,264233,161705,222098,294851,223351,169619,215273,0400000US42,Pennsylvania,42,2019
1057231,513792,28040,27961,31065,19044,17167,8437,7764,22787,38786,34983,31882,29420,32925,36384,36410,14681,19436,11766,15829,19172,13272,8708,7873,543439,26632,28016,28168,18418,18379,9326,8531,20296,37226,34222,32979,29076,34902,38882,39928,15933,21256,13161,16754,23345,16543,13120,18346,0400000US44,Rhode Island,44,2019
5020806,2435472,148386,156379,161165,95819,73177,37512,36795,95861,170444,154303,149815,147291,152959,159017,160216,63007,89469,55814,82413,107609,69474,39418,29129,2585334,142545,151115,154416,92677,67389,32689,33745,94165,173965,160522,159871,152471,162945,171995,180847,73333,100943,64934,94587,125578,83660,54673,56269,0400000US45,South Carolina,45,2019
870638,438946,30755,31310,30111,17545,12606,6320,6584,17920,30290,29487,28718,23929,24161,26303,29587,11273,16961,11060,12832,16177,10490,7332,7195,431692,29644,29227,29271,16245,11161,6110,5423,18013,27237,27357,26132,22786,22824,25761,29730,11393,16930,10272,12851,17465,12809,10163,12888,0400000US46,South Dakota,46,2019
6709356,3273278,208598,209037,219974,131597,86975,47118,46308,132886,237180,214566,208154,205669,216500,217556,214036,83519,118982,73646,99784,126648,86059,50375,38111,3436078,197840,200705,211097,126072,81817,44576,45178,132185,239613,220386,216950,207468,222848,229902,237175,91565,130200,78823,112465,152048,106536,74070,76559,0400000US47,Tennessee,47,2019
28260856,14034009,1021356,1028870,1068907,622762,410177,217098,209922,603301,1072395,1038855,981624,932871,895107,852614,821666,303432,409933,242964,323140,406623,269690,168250,132452,14226847,978447,995139,1021683,601281,383424,200921,192709,573305,1031796,1011136,978493,930097,909299,869223,851971,326985,451530,267478,364184,477460,333784,233086,243416,0400000US48,Texas,48,2019
624313,308097,15302,16280,17450,11067,10937,5655,5815,12352,18959,17978,17582,17083,19562,21594,23024,9616,14106,8279,11469,14552,8783,6052,4600,316216,14266,15780,16046,10463,10082,5500,5044,11814,18071,18025,18235,17256,19735,22845,24947,10405,14173,8523,12371,15635,10694,6846,9460,0400000US50,Vermont,50,2019
3096848,1558868,128877,133300,135033,77326,46402,23766,27386,80493,121306,111166,115828,98853,84636,75127,74046,29565,40776,24057,31637,40027,27067,17495,14699,1537980,122008,128545,125414,73080,46403,22749,26363,75651,115688,108590,110465,96942,81941,75276,75525,30924,43449,25114,34277,44889,30693,22998,20996,0400000US49,Utah,49,2019
8454463,4159173,261093,261238,269460,161407,120450,61995,59609,177303,300642,292140,282417,265478,275408,282937,277103,106242,141306,85985,118006,148009,97630,61854,51461,4295290,247306,254647,256244,154304,115101,58583,55685,163152,291918,289391,286451,266114,283689,297202,294718,115596,156188,96539,133288,174885,123297,86216,94776,0400000US51,Virginia,51,2019
7404107,3703301,233206,238036,231437,138345,90300,50862,49862,152425,294987,282170,262764,233390,237793,233735,238606,93283,132434,81127,105513,137047,85596,54219,46164,3700806,221158,227002,222160,132202,85633,44863,45611,139381,272279,267381,252440,229095,232929,234337,247418,97993,140917,85507,117241,153489,100750,68451,82569,0400000US53,Washington,53,2019
1817305,898578,49961,51175,54433,33367,23661,12576,13011,33880,56614,52158,55153,55904,58711,60554,62926,25948,38940,23413,34921,41717,29105,16777,13673,918727,47579,49968,51720,31235,21069,11948,11666,32629,54631,50713,52808,56436,58110,61158,65833,27619,41097,25755,36768,45684,33878,23426,26997,0400000US54,West Virginia,54,2019
5790716,2879894,170642,180327,189906,114676,78858,42483,41629,118941,188245,185212,186562,167942,179985,199103,209729,80965,111877,67795,90210,108206,73756,49913,42932,2910822,162542,173801,179138,109871,76482,40425,41081,114209,177454,180573,179430,165875,178020,200489,215257,81194,114222,69698,92459,121782,87862,66395,82563,0400000US55,Wisconsin,55,2019
581024,296202,18997,19680,20185,11441,7794,4805,3920,12315,20577,21129,19158,17896,16840,17706,19927,8898,11202,6802,9668,11486,7356,4719,3701,284822,17544,19482,18587,10455,7031,4307,3197,10768,18873,19295,18442,16310,15739,17286,20356,7747,11673,6427,9478,11579,8419,5624,6203,0400000US56,Wyoming,56,2019
3318447,1578318,73576,88943,101828,66530,46627,25468,25517,66965,109507,92308,95123,100369,100890,103361,101004,40567,55446,36606,52351,74453,54829,36569,29481,1740129,70047,86264,97680,63478,44951,24715,23950,65949,111738,99643,107961,109078,112383,119636,115948,47753,69508,42423,64035,92647,70601,50218,49523,0400000US72,Puerto Rico,72,2019
12794885,6269142,359858,363266,393558,239540,173512,84852,84176,243017,440585,421899,384364,366324,394129,421535,449436,176553,250933,154203,203807,259928,175280,113161,115226,6525743,342373,353830,369714,227443,169941,82226,85046,232535,420882,410450,384293,367783,400761,435174,471299,190411,268083,164994,228743,306179,224386,166654,222543,0400000US42,Pennsylvania,42,2020
39346023,19562882,1233088,1242495,1328272,774841,525740,285907,281350,821103,1594429,1505530,1377089,1265725,1264479,1245267,1216743,470895,618484,378972,499096,643905,427222,278926,283324,19783141,1175994,1189152,1269171,743628,503863,259140,259522,787614,1489607,1418347,1333091,1257998,1272718,1256691,1268744,493428,671381,418129,569190,761088,524400,378825,481420,0400000US06,California,06,2020
1807426,893743,49003,50683,54587,32717,23947,12123,12956,33341,57034,52268,54194,55174,57908,58738,60968,25880,38661,24127,35122,42982,30565,17366,13399,913683,46689,49310,51179,31049,20912,11099,10878,33084,54296,50873,52037,55754,57601,59426,65250,27049,40512,25958,37946,47452,34862,23443,27024,0400000US54,West Virginia,54,2020
3151239,1586950,127589,133443,136407,78909,47572,23941,28397,81092,125816,111648,117902,102198,87518,75575,75762,30441,40300,25151,33472,42185,27918,18638,15076,1564289,121013,128856,126628,74724,47484,23267,26649,76796,118712,108661,112160,100299,84855,75445,77165,31031,43974,26406,35378,47452,31883,24288,21163,0400000US49,Utah,49,2020
19514849,9474184,583126,556290,587601,354357,252252,127118,129702,390833,737150,696927,621265,575624,601175,637615,648637,252094,337103,205528,269826,358739,239154,153786,158282,10040665,557543,533599,559805,338821,247524,122641,126891,397589,735322,695959,639384,592684,632071,677852,695312,281552,369729,232360,317114,435474,312672,232060,306707,0400000US36,New York,36,2020
701974,333137,22906,18008,14986,7801,9212,5189,4282,14756,38336,38702,30589,21555,19464,18632,18823,6315,8370,5498,6820,9092,6202,3779,3820,368837,22007,17061,15457,7822,12028,6057,5071,17345,44789,42071,31290,22563,19311,18440,17466,7538,11820,6596,9261,12164,9122,6108,7450,0400000US11,District of Columbia,11,2020
736990,384653,26684,26976,25643,14990,9523,5710,6184,18561,32803,29948,26780,21996,23118,23790,25402,9691,13401,8263,10695,11671,6120,3957,2747,352337,25618,25849,23752,13847,7897,3787,4439,14094,28525,27330,24867,20651,20718,21425,23722,9457,12183,7322,9491,11902,6812,4515,4134,0400000US02,Alaska,02,2020
21216924,10374594,578848,577895,624383,370669,248629,130774,130067,385218,718705,685800,648717,626767,658293,683667,698670,272566,373609,247438,351755,506423,385828,243114,226759,10842330,554542,555129,597170,355808,233918,126888,130092,361568,692085,669901,655267,637007,678375,713434,768823,299014,426714,287031,410150,590907,440265,306857,351385,0400000US12,Florida,12,2020
5091517,2468682,149213,154730,165079,96826,73000,38641,37258,93855,172082,157674,153156,146825,153227,158110,161882,64580,91931,56864,83222,114449,72510,43249,30319,2622835,142438,151008,156502,92809,66604,33466,34253,93209,175881,164874,163480,153023,163946,170146,179165,75950,105998,68356,98397,130621,90353,56150,56206,0400000US45,South Carolina,45,2020
760394,389284,27552,25687,24823,13277,11855,6878,6595,19764,32539,29897,25341,22294,20401,21441,24207,9650,13789,8372,10694,12794,8894,5929,6611,371110,25856,24684,23014,13136,9705,4886,5883,19274,27916,25104,23275,19674,18774,20227,23845,9915,12830,8449,10556,13235,10715,8984,11173,0400000US38,North Dakota,38,2020
1340825,656628,33077,35428,37278,23379,16606,7443,7638,23473,40565,40190,38188,37301,42034,46530,50814,20553,30238,19571,25749,33598,21212,13560,12203,684197,30911,33620,34933,22341,15750,7381,8318,20864,39799,40366,39580,38787,43374,48342,55873,22955,30329,20958,28031,36559,25049,17860,22217,0400000US23,Maine,23,2020
10516579,5113936,332899,347193,374740,221591,152289,77163,73356,215283,377040,346993,340070,329163,343311,337736,326550,122653,161009,97130,136125,174905,114003,62966,49768,5402643,319186,335526,359931,214248,147337,74146,71382,203884,377917,361760,367078,347903,365553,357537,352848,134362,187581,116436,160012,213992,143393,93174,97457,0400000US13,Georgia,13,2020
4893186,2365734,149579,150937,160287,96832,65459,36705,33089,93871,167179,149890,144863,142671,149680,153533,158953,61732,90266,53730,73695,98717,63852,41156,29058,2527452,144353,143839,154917,92168,66849,35535,33436,91324,167471,157327,156541,151181,159156,163463,172950,70479,99237,60677,85546,118676,81975,60785,59567,0400000US01,Alabama,01,2020
1355244,671802,32317,36222,38683,24805,18745,9670,8400,27588,44911,42684,38942,38708,44121,49868,55395,20482,28122,17296,23571,30387,18677,11573,10635,683442,31360,32884,37969,23491,18686,9280,8414,25568,40496,41076,38897,38958,44804,51015,56253,22359,28929,18196,24814,33329,22291,15096,19277,0400000US33,New Hampshire,33,2020
4176346,2070627,117162,122686,128766,76083,50590,27899,26706,80889,151719,150781,145449,136916,132121,125330,129633,52610,78859,54050,69019,88813,56210,34443,33893,2105719,111152,117487,121487,72253,48050,26539,27105,76662,146352,145790,144384,132658,130312,125500,135156,59589,86739,56616,79551,99069,66304,42835,54129,0400000US41,Oregon,41,2020
581348,296280,18190,19920,19685,11458,7858,4135,3724,12619,20435,20814,19724,18047,17030,16971,19789,8680,11060,7414,9763,12475,7768,4746,3975,285068,17246,19006,18871,10424,6890,4196,3238,11069,18381,18918,19009,16576,15986,16363,19539,7913,12018,6966,9863,12033,9262,5278,6023,0400000US56,Wyoming,56,2020
7174064,3564979,220346,225723,246866,143488,100233,53533,51827,150589,266718,244743,228667,217678,213739,207757,209429,84679,117609,76146,108746,155977,112626,71372,56488,3609085,210878,219136,235743,137465,96979,49445,48631,137126,246596,228730,224032,211738,215736,213713,226586,91096,134606,87429,127228,174072,128007,80216,83897,0400000US04,Arizona,04,2020
4664616,2276932,154658,151469,159860,92588,59782,34489,31683,91883,170466,162042,156622,133843,133899,139595,147572,59439,81176,49773,65200,85309,56262,32857,26465,2387684,150242,147002,152988,88752,56351,33896,30982,88471,169262,164061,159199,137598,140658,149140,158727,64290,92387,56433,75976,99125,71336,47564,53244,0400000US22,Louisiana,22,2020
6696893,3300350,214772,220581,229846,139236,95863,50064,52208,140342,228778,212627,212501,197754,208074,210066,221612,85141,118198,71736,96710,119766,79716,48910,45849,3396543,203355,212164,218148,132911,90923,48860,47676,133764,224625,211129,213644,200439,207788,214361,229796,90918,127903,79555,107702,140467,100449,69326,90640,0400000US18,Indiana,18,2020
1754367,879763,58510,62981,67028,39434,24143,12184,12131,36670,60113,56531,59079,53122,51615,49933,53709,20849,30473,19846,26910,35469,22995,14887,11151,874604,55822,60751,62669,37403,23222,11919,11204,32952,56920,56084,57660,51985,50037,49724,54902,22520,32344,22165,27280,36907,26122,16230,17782,0400000US16,Idaho,16,2020
3570549,1741688,93725,97435,113376,71199,52105,25215,24644,75457,114689,110988,104519,104625,113333,125579,129101,50372,67115,37957,52489,70100,45954,29534,32177,1828861,88983,94886,108272,67708,50274,25240,25233,67592,107616,110624,109445,107508,120647,133627,138063,55305,70583,42775,59911,82175,57399,43022,61973,0400000US09,Connecticut,09,2020
1420074,712250,45684,43219,43071,23680,15469,9311,10697,30854,54771,51120,47728,43769,42801,42767,45025,18505,25369,17134,23805,30551,20200,12428,14292,707824,42495,41130,40367,22601,14286,6339,8395,26053,48637,48190,46425,42180,42481,43334,45631,18890,27593,19119,25403,32038,22727,17473,26037,0400000US15,Hawaii,15,2020
12716164,6247083,386330,390928,424337,255821,168750,86023,86853,255722,453733,438304,419093,399695,402261,406902,422926,163118,217493,132080,175196,226046,149638,95102,90732,6469081,369188,377876,405442,245511,161006,81295,81123,253259,442490,429302,420712,399200,410000,417829,441107,176524,235585,148297,199644,265378,191080,137197,180036,0400000US17,Illinois,17,2020
6873003,3335992,182942,183834,203007,125949,101710,50180,50367,142861,253724,240304,212276,201130,213584,231612,237637,86851,124971,74437,98354,129408,81112,53659,56083,3537011,175088,178369,192051,120730,105601,50865,49702,144416,248459,241719,219625,208682,226747,245588,253410,93392,139054,82582,113137,155575,107391,75890,108938,0400000US25,Massachusetts,25,2020
28635442,14221720,1020529,1026859,1088140,629311,415143,211272,210823,608054,1086864,1054435,1004581,944938,907309,849686,834856,308952,416401,252270,334556,424348,275774,169874,146745,14413722,976478,989893,1042478,607794,388083,198013,195002,577719,1044121,1025068,997297,941228,921554,864418,867714,332065,454995,280017,377080,498592,342528,231219,260366,0400000US48,Texas,48,2020
1061705,534128,31867,32075,33972,19616,14094,7266,7269,23383,35973,33941,34045,31284,29889,30757,36001,15853,22042,13666,19861,26040,17387,9833,8014,527577,29471,30690,32151,18747,12026,7259,6640,20491,33393,33218,32441,29899,29054,30908,38215,16701,22955,14594,20479,25144,18380,11450,13271,0400000US30,Montana,30,2020
1923826,959677,67204,67732,68640,40427,27079,14208,13962,41304,65576,65418,64793,56931,55152,56421,60113,25179,33903,20816,27278,34055,22852,15752,14882,964149,63538,64306,65599,37657,26185,13785,13100,39560,62118,62329,63616,54272,53330,55569,61292,25077,36420,21720,30246,37772,27181,21370,28107,0400000US31,Nebraska,31,2020
11675275,5721796,354351,359829,380085,232504,158059,83192,79817,221694,403419,372836,354798,338610,358744,373587,403605,160286,212614,136163,177484,225434,150477,93881,90327,5953479,338632,341755,365341,221491,151673,78029,76632,217225,392685,370314,358849,343576,367269,384240,422638,173949,232326,148895,201452,264578,194903,136705,170322,0400000US39,Ohio,39,2020
5684926,2862153,168650,177258,187579,110519,76549,41345,37714,118766,235076,231592,211213,191858,185226,173459,182552,69615,93315,60040,78102,100887,61043,35581,34214,2822773,162289,171297,176574,104865,70108,36336,35302,109021,214723,210882,198862,181092,177991,173306,187722,74654,99279,64018,87282,110639,70026,47291,59214,0400000US08,Colorado,08,2020
8885418,4341123,265107,271720,285156,175379,110363,55897,56587,167106,293236,288783,286379,277182,293213,308197,310100,119979,154603,90202,122158,162636,108353,70336,68451,4544295,253242,259870,275210,167769,102614,52005,52925,164967,280349,282921,293816,278794,305803,325933,330453,129584,167238,104072,141503,195132,142989,101311,135795,0400000US34,New Jersey,34,2020
6037624,2925644,185539,187164,195382,115820,78406,40107,38113,113776,207639,205454,199596,178271,190518,202259,202131,76783,106081,62209,81776,104933,69600,44054,40033,3111980,178079,181405,185514,111863,75646,35627,35623,114862,205291,211019,208191,190000,204417,220107,224520,84834,116712,71224,96929,129683,90927,61755,77752,0400000US24,Maryland,24,2020
8509358,4186543,260193,261593,271619,161905,119726,61304,58742,177306,303018,294023,285725,267226,272814,277762,281366,109441,140380,88439,120405,153545,102506,63786,53719,4322815,247929,250735,260230,154393,116043,58303,55064,162324,292769,291099,290649,266809,280601,291698,298011,116980,157233,96390,138009,183445,129840,89548,94713,0400000US51,Virginia,51,2020
624340,308441,15110,16626,17157,10923,10848,5155,5680,12819,19283,18329,18072,16941,18697,20697,23048,9918,13728,8109,11923,15375,9428,5777,4798,315899,13928,15353,16130,10405,10079,5425,5022,11591,18481,18112,18162,17654,19263,21928,24142,10014,14748,9134,12467,16391,11448,6987,9035,0400000US50,Vermont,50,2020
10386227,5052667,309831,319315,342054,202762,147302,78010,74786,209938,360429,329037,317622,318257,335840,332523,331297,126128,178420,110275,152032,202544,131635,76439,66191,5333560,295468,307450,327462,197254,142595,70930,66314,197983,360399,340961,335094,333617,353045,350523,360544,143099,201584,128291,176447,242427,165252,112753,124068,0400000US37,North Carolina,37,2020
3011873,1478511,96802,98969,103012,60923,41277,24123,20634,58783,102338,95817,94009,90127,89617,90606,95723,37341,51855,32070,46614,59448,42409,25072,20942,1533362,91643,95362,97279,58842,39910,20463,20425,56704,101220,95417,95564,91671,92571,93689,99971,42016,57053,37182,51177,70415,52021,34086,38681,0400000US05,Arkansas,05,2020
7512465,3759007,233162,238529,235813,137974,90799,48705,48769,154811,302992,291790,269881,240129,237409,231492,237619,94195,135566,82608,109225,143753,88211,55169,50406,3753458,221450,227735,226019,132787,86554,44073,44879,140635,277555,274359,259798,233890,232779,231547,243565,99957,144644,88679,120634,162194,103278,69182,87265,0400000US53,Washington,53,2020
2912619,1451919,97052,102169,101535,61072,41548,24388,24100,64006,101108,95301,95552,85333,83951,85516,93573,36530,52360,32015,43011,51331,34534,22178,23756,1460700,91801,96130,98336,57877,39342,21347,19824,60102,93168,92803,92249,84182,82165,86366,96553,38452,55911,33647,44615,58740,42344,31781,42965,0400000US20,Kansas,20,2020
3949342,1956617,132515,134977,139681,81441,55220,29987,30565,82436,141871,135170,129148,118983,115520,114900,124014,46709,67457,39968,55285,73128,50538,32986,24118,1992725,126488,130432,133695,77141,50847,30561,27205,74471,136749,131319,129720,115032,115187,116885,129929,51045,72847,42797,62813,86292,62003,43700,45567,0400000US40,Oklahoma,40,2020
5806975,2889783,169682,178837,189763,114386,77945,42290,41682,118154,191322,185214,189125,168078,176608,193509,211582,83062,110408,68561,92331,117053,73891,49768,46532,2917192,161384,171890,179135,109244,76043,39710,40654,114058,180089,178934,182665,166275,174359,193973,218177,82356,113583,70272,96219,129301,86446,65728,86697,0400000US55,Wisconsin,55,2020
2981835,1443708,94834,96454,107495,61742,43453,23698,21600,59638,100791,89266,92903,87120,87401,89577,91158,37738,52322,31162,42973,56719,37773,21060,16831,1538127,90440,95497,100742,60017,42915,22715,21063,56420,102022,94046,101150,90219,95079,95890,102909,39920,59331,35831,49611,66648,47805,33007,34850,0400000US28,Mississippi,28,2020
6124160,3004001,190192,193222,201776,121009,82337,42899,43339,121953,210519,199715,195339,176313,180906,189276,206228,81377,111433,66304,91190,120016,81086,50984,46588,3120159,180854,181463,195234,115673,77236,41659,39862,118660,208570,200240,194646,179491,186100,196363,219607,85483,121802,73221,104549,140490,103046,72453,83457,0400000US29,Missouri,29,2020
9973907,4911965,290604,298513,319288,198841,135783,74538,69868,209621,348409,305805,297200,282120,309068,327077,345199,141332,192929,119071,156362,200211,130430,82412,77284,5061942,277722,286317,301677,188801,130442,70153,72027,196038,333008,301403,300147,286120,316181,336260,365826,143998,208751,126608,172766,232774,159861,111510,143552,0400000US26,Michigan,26,2020
1057798,514524,27985,27475,30918,18804,16812,8430,7576,22217,38972,35865,32466,29286,31937,35743,36273,14752,20053,11666,16098,20624,14063,8451,8058,543274,26703,27262,28234,18063,18532,8960,8464,19993,36867,35093,33348,28864,33798,37852,39574,16210,21931,13416,17427,24176,17425,13109,17973,0400000US44,Rhode Island,44,2020
5600166,2789017,179597,185605,187747,110824,71913,36902,37047,107124,192527,195965,191051,169916,169209,178697,195467,72890,103637,60584,83481,102216,68290,44159,44169,2811149,171507,176109,181460,106435,69090,36145,34348,105875,182935,188606,185955,164063,165916,178455,198980,74861,105732,64888,88833,111125,81800,59690,78341,0400000US27,Minnesota,27,2020
3150011,1564436,99212,104497,104548,63115,45901,25087,23132,69318,103087,99192,104699,89570,91013,96172,104393,41441,59686,35386,48557,60915,39999,27814,27702,1585575,96250,98427,102699,59739,43810,24472,22548,62392,98688,95824,98612,88389,90211,95280,108226,42627,60353,36899,51452,67401,50790,38831,51655,0400000US19,Iowa,19,2020
2097021,1038007,62616,67582,73638,42870,28803,13745,16676,44073,74404,71420,68281,59440,58290,59624,64849,27457,37813,23345,34031,45079,28794,18838,16339,1059014,60377,64975,70610,40786,26779,14535,13311,40347,69786,67286,65418,61034,59703,62905,72178,28862,41648,27503,38093,49568,33876,23993,25441,0400000US35,New Mexico,35,2020
3030281,1520196,93906,96280,102373,58712,34728,19795,19590,53938,114492,111963,106157,97806,100826,98688,97101,36950,51189,32232,46389,63097,41653,24132,18199,1510085,90235,92217,97740,56050,31639,18175,17574,53509,110569,106728,100060,99072,98430,95791,99658,36971,53349,36127,48990,68194,45600,26253,27154,0400000US32,Nevada,32,2020
967679,467720,27809,27824,30047,17720,12445,6350,6405,17024,33274,31190,28422,26226,27848,30577,33766,11547,18045,11507,16265,22363,15059,8782,7225,499959,26965,27505,29034,17303,12675,6798,6111,15794,32926,31336,28562,28763,30005,33452,34995,14645,22267,14302,19454,25080,18878,11491,11618,0400000US10,Delaware,10,2020
3255642,1546590,67252,82647,98498,63253,45122,24175,25089,64870,108874,90846,91602,97960,98685,101226,100410,40270,55876,36904,50529,76791,57007,37425,31279,1709052,63712,79911,95414,60473,43117,23569,23289,63957,110666,97761,103095,108188,109318,116726,115244,48333,69008,42238,61436,96853,73666,52902,50176,0400000US72,Puerto Rico,72,2020
4461952,2196522,140510,142570,144984,88473,60007,33054,30118,93175,154870,139475,137776,137555,140965,143520,149163,57775,79526,49270,68548,86796,57944,33429,27019,2265430,133065,132443,142585,82989,58257,32318,31297,81616,149093,138418,140366,136866,142513,148250,156678,62242,89512,55476,76174,101018,71252,51633,51369,0400000US21,Kentucky,21,2020
879336,442948,30408,31359,30555,17675,12676,6354,6507,17402,30689,29794,29946,24160,23962,25287,28824,11841,17376,12213,13285,17215,10813,7471,7136,436388,29611,30038,29544,16557,11459,5363,5117,18467,27160,27577,27015,23220,22846,25019,29810,11302,17585,10636,13784,18378,12762,9865,13273,0400000US46,South Dakota,46,2020
6772268,3304462,208551,208045,222622,131806,86714,47706,44634,132010,243857,219559,212899,203524,215578,215875,214880,85770,121133,74993,100924,132136,88775,51590,40881,3467806,198435,199222,213270,125939,81922,45579,45284,130682,244030,224399,219632,207613,222565,226331,238646,93448,132544,80650,114824,159126,109563,74100,80002,0400000US47,Tennessee,47,2020
4997675,2429703,151356,155081,167636,99974,67361,36835,33355,93427,165130,154019,149660,149679,153164,156801,164053,65142,94891,57161,74995,105919,65847,40690,27527,2567972,144276,146733,162158,95167,67230,36923,35193,91167,166305,161793,160136,155635,160225,163741,173302,72650,103050,62057,88700,123070,82284,59988,56189,0400000US01,Alabama,01,2021
735951,384749,25965,27379,25485,14977,9878,5752,6367,16982,31655,29907,27245,23105,22986,23455,24551,10519,13514,8773,10712,12359,6297,4085,2801,351202,24826,25891,24162,14049,8177,3871,4275,13533,27563,27400,25198,21116,20263,21015,22594,9229,12879,7709,9953,11959,7204,4509,3827,0400000US02,Alaska,02,2021
7079203,3533895,210607,224911,244849,144036,99223,51285,49589,147241,256594,242974,231056,219194,212042,207834,211546,85825,118151,76219,107192,160666,110441,68680,53740,3545308,201999,215310,235194,137529,95682,46600,46449,136692,240029,227073,221106,211558,210133,208954,221343,89545,133191,84306,125486,177504,123811,76336,79478,0400000US04,Arizona,04,2021
3006309,1483520,95410,99723,105077,62435,41759,23469,20434,57146,99040,95296,96561,91170,90448,90745,97843,38021,52218,33650,44903,62538,42038,24260,19336,1522789,89170,95925,98171,59874,39462,20398,20960,55606,98028,96135,96783,91917,91655,91865,98701,42163,57340,36391,50496,72329,51039,32900,35481,0400000US05,Arkansas,05,2021
39455353,19714044,1203859,1245934,1362100,792617,529966,279345,269923,800634,1538050,1518085,1424387,1296275,1273168,1264017,1239784,482736,643638,389220,508667,683160,422793,273543,272143,19741309,1146476,1188179,1296261,757006,509036,254426,254454,768067,1454160,1431327,1348292,1272095,1258976,1247242,1262390,492560,680009,422618,569794,789988,517995,367140,452818,0400000US06,California,06,2021
5723176,2895936,165967,176827,191554,112904,78517,40101,35842,118708,229868,234150,217343,199930,187740,176751,181659,71058,97753,61271,80442,107867,60174,35468,34042,2827240,158279,170826,178712,107666,70897,33784,35474,110078,212576,213339,203893,184083,176361,171344,183947,73922,102069,64369,87605,116814,69636,47344,54222,0400000US08,Colorado,08,2021
3605330,1768860,93734,99242,115470,72468,52870,25866,23950,74077,113856,112538,110750,106582,112721,126100,130797,52437,71499,39968,54345,73549,46331,28795,30915,1836470,88388,97298,108901,68990,51462,25013,24970,67494,107859,111608,113015,108751,117883,131579,138891,54737,73355,43675,60303,85569,57039,40984,58706,0400000US09,Connecticut,09,2021
981892,477219,27567,28646,30950,18348,12680,6756,6479,16265,32141,31668,30222,26794,27899,30730,34190,12531,19347,12072,17742,23098,15122,8791,7181,504673,26667,27835,29842,17790,13066,6997,6305,15081,32009,32060,29207,29550,29544,33062,35529,15241,22519,14610,20067,26367,18445,11350,11530,0400000US10,Delaware,10,2021
683154,325490,21890,17335,16300,7748,9435,4547,3904,13869,35427,37517,30036,22695,19030,18207,18298,6256,8478,5345,6660,9414,6039,3312,3748,357664,21068,17734,15149,7798,11660,5277,5247,16467,41930,40840,30815,23252,18701,17663,16897,7491,10994,6377,8542,12634,8679,5938,6511,0400000US11,District of Columbia,11,2021
21339762,10489548,571443,583755,644169,379009,249648,127817,129735,374472,695887,694218,667839,647529,664590,691110,714509,286697,390219,253050,356097,528650,384361,237146,217598,10850214,547351,564146,608112,363328,235032,122308,128357,361790,674644,677693,663502,648060,673380,706150,767423,304159,434716,290844,407880,606152,439005,298598,327584,0400000US12,Florida,12,2021
10625615,5191616,329092,350442,385435,228016,153691,76431,72648,215987,369530,351798,348379,337726,345980,344157,336510,125549,169269,101539,138830,183864,113887,61905,50951,5433999,314626,335684,369232,219670,151305,73686,70417,203397,373801,366856,369159,353592,364774,355904,355026,138447,189567,118830,161286,220414,142180,90991,95155,0400000US13,Georgia,13,2021
1453498,732172,45527,44814,45331,24728,16595,8584,10350,31162,53358,51933,50671,45592,44046,44208,46520,19073,26494,17035,24439,34252,21383,12148,13929,721326,42240,42166,42674,23540,14654,6773,8344,25594,48158,49091,48310,43872,43034,43870,45763,18884,28756,19522,25944,34462,23771,16612,25292,0400000US15,Hawaii,15,2021
1811617,912529,58614,65157,69888,41468,25257,12402,12670,36601,60857,58833,60922,57498,53733,52262,55108,21737,32594,21199,27337,38911,23746,14612,11123,899088,56355,61224,66826,39298,24033,12032,11827,32768,57521,58092,60331,54437,51165,50665,56110,23018,33216,22885,28356,39331,26231,15696,17671,0400000US16,Idaho,16,2021
12821813,6332176,381213,397940,433292,262755,172181,85979,85749,250965,443153,439475,434478,409290,406583,412702,431013,168348,226841,138255,180707,240656,149160,94438,87003,6489637,364468,383394,413063,251226,163942,80947,80798,249023,437334,431580,429049,403904,406528,414670,438484,178352,240359,150562,201972,278135,190748,132905,168194,0400000US17,Illinois,17,2021
6751340,3344360,213036,222731,237190,142459,99351,49040,51207,136961,226569,215360,218528,204844,208872,211861,224223,88320,121315,73862,98668,128764,79245,47988,43966,3406980,202506,213179,225170,135816,93793,48400,46661,132626,223156,213847,216768,203313,206709,211504,226191,93147,129140,79588,108185,147494,98984,67356,83447,0400000US18,Indiana,18,2021
3179090,1590001,99307,105743,108860,65647,47027,25800,23174,67284,102405,98991,106752,95134,91900,96739,104311,44325,61144,37194,50571,64693,39404,27002,26594,1589089,95263,99107,106302,61946,44997,24934,22543,61272,97745,95590,100342,90434,89294,93898,106497,43363,60478,38444,52321,69995,49385,37398,47541,0400000US19,Iowa,19,2021
2932099,1468152,95187,104105,104313,62942,43152,23805,23415,63874,98904,94929,99726,86946,84861,85937,92897,38380,54267,32406,43541,56074,33609,22515,22367,1463947,90089,98651,99835,59029,41022,21130,19948,59651,91623,92525,94101,85850,81972,84485,94717,39071,56732,34041,45372,61939,41346,30721,40097,0400000US20,Kansas,20,2021
4494141,2223783,139220,144884,149328,91259,61123,33751,29623,90619,152908,141704,141134,140014,141570,144790,151604,60119,81402,50122,70369,92183,57046,33203,25808,2270358,131639,134664,146208,84707,58939,31760,30119,82734,146828,140300,141990,137788,140784,145892,157004,62886,89996,55905,76801,104900,70257,49428,48829,0400000US21,Kentucky,21,2021
4657305,2283561,151391,153155,162798,94784,60362,34306,30295,90109,161702,160252,159126,139567,133610,138536,150480,61288,81341,49725,67192,90075,53974,30832,28661,2373744,145968,147702,155675,89610,56297,34687,30030,86281,162349,162932,162131,140389,138505,145004,158590,64273,91334,54157,78017,104306,70299,44944,50264,0400000US22,Louisiana,22,2021
1357046,668308,32899,35609,38348,24154,16853,7887,7820,22432,40080,41250,40628,37826,41977,46926,51211,22146,31071,19748,26348,36493,21720,13549,11333,688738,31033,33921,35708,22913,15933,7556,8762,20318,39583,41338,41280,38573,42532,47672,55554,23137,31295,21164,27930,39576,25053,17313,20594,0400000US23,Maine,23,2021
6148545,2995146,185279,191750,204033,120450,80513,39372,38536,112517,203656,208619,209370,185981,192714,205860,207851,82028,111573,64168,83587,113708,69992,44353,39236,3153399,178187,185444,192426,115580,78045,36582,35890,113146,203202,214422,214520,195514,202811,218861,225122,87571,121230,73060,98365,136890,91867,60518,74146,0400000US24,Maryland,24,2021
6991852,3413174,183397,189716,208481,129924,104293,49917,50414,141352,250358,245596,224342,208058,215042,235548,245573,93025,130319,76963,103679,138031,82445,52395,54306,3578678,174546,182121,197419,124120,108312,50778,50936,143258,247846,246823,228666,212330,223825,245015,254311,96092,144068,84787,115894,163566,106706,72738,104521,0400000US25,Massachusetts,25,2021
10062512,4983325,288862,306114,324974,202816,136436,73996,68821,205082,344878,313922,307002,290209,308761,329890,350845,145322,200644,122107,162213,214587,131350,80360,74134,5079187,275955,288805,309219,192111,131364,70441,70575,193809,331419,308816,306100,288969,311092,332435,360242,146051,213479,129837,173087,245075,158342,108018,133946,0400000US26,Michigan,26,2021
5670472,2839135,178137,190312,193180,115182,74259,36417,36289,106442,189384,196543,198577,179025,169485,180009,197754,75418,108215,63186,86442,110789,67391,44326,42373,2831337,170331,179033,187238,110156,70334,36508,34169,104984,181861,188427,191062,170050,163511,175591,196675,75904,108493,66139,90801,118235,81420,57185,73230,0400000US27,Minnesota,27,2021
2967023,1444255,93586,93551,110455,63283,44192,22865,20374,58237,97142,90641,93992,87651,86841,89378,92221,38358,53126,31975,42333,59935,37729,20912,15478,1522768,88560,94546,102156,59917,43338,22195,20923,54740,98829,94015,100427,90336,93417,94482,99786,40531,60001,36599,48873,68463,46434,31997,32203,0400000US28,Mississippi,28,2021
6141534,3027741,188129,196550,205388,123453,83065,42056,42856,118326,206381,200482,200397,182614,180652,188936,206046,83556,117296,69651,92299,125449,80868,49584,43707,3113793,179003,183572,198719,117561,77633,41776,39608,116020,205356,202132,197003,183070,182671,191872,214436,86190,124893,73994,104484,145732,99421,69796,78851,0400000US29,Missouri,29,2021
1077978,545671,31226,33436,34933,20506,14576,7071,7692,23017,35936,34407,35629,32629,30583,31423,35729,16057,22920,14358,20543,27907,17524,9898,7671,532307,29140,31527,32575,19472,12320,7414,6575,20036,34277,33471,33845,30738,29036,30480,37011,16635,23202,15303,21057,26300,18041,11141,12711,0400000US30,Montana,30,2021
1951480,978863,66837,69746,71254,42180,28413,13686,13979,40745,65035,65198,67411,59732,56422,56920,61049,25922,35275,21940,28487,36378,22685,15271,14298,972617,63563,65190,67848,39292,26889,13451,13243,39849,62454,62420,64962,55844,53402,54767,61281,25367,36083,22288,30755,40150,26895,19694,26930,0400000US31,Nebraska,31,2021
3059238,1541789,92638,98171,104066,60095,35545,19413,19564,53259,112063,113259,110421,100402,101494,101238,98918,37819,54485,33438,45816,66326,42276,23062,18021,1517449,88791,92791,100108,57370,32248,18403,16949,53109,108710,108767,102803,99684,97699,96003,99306,36734,54506,36911,49095,70263,45433,25947,25819,0400000US32,Nevada,32,2021
1372175,683846,32295,36298,39656,25252,19201,9555,8503,26677,44333,44258,40592,40466,43534,49988,56351,21487,29623,17868,24618,32584,18826,11505,10376,688329,31214,32468,39337,24095,19781,8982,8282,24473,40719,42249,40158,39419,43686,50020,56454,22581,30052,17849,25223,35980,22188,15244,17875,0400000US33,New Hampshire,33,2021
9234024,4539311,271646,287097,299463,185406,115396,57259,57508,169193,296741,300787,306668,292044,303778,320503,327668,127924,167129,97868,130286,174895,111399,70739,67914,4694713,258730,270750,290610,176740,107423,52858,53661,168678,287843,294465,304997,293297,309328,331562,340028,132993,179335,108821,147113,207935,144391,102113,131042,0400000US34,New Jersey,34,2021
2109366,1048448,61578,68043,74617,43125,29389,13506,14869,44282,72859,71901,69970,61956,59742,59920,65975,27614,38904,23703,34972,48102,28821,18571,16029,1060918,59138,64912,72068,41845,27835,14737,13728,39055,68438,67307,66329,62468,59740,61695,70339,29912,42029,27882,39396,50827,32348,23387,25503,0400000US35,New Mexico,35,2021
20114745,9821711,590167,577739,620488,370896,262216,126759,130547,390953,729035,720471,659448,605366,615581,659776,681239,267243,362000,219972,285419,390320,246136,154126,155814,10293034,564209,553646,586601,353650,256364,126027,128053,395350,736419,718718,664828,615834,635607,686160,710811,291935,390450,242018,324412,467724,318306,230220,295692,0400000US36,New York,36,2021
10367022,5067666,304889,319048,346840,205862,149415,75757,72123,207157,349482,331260,322991,319992,333766,335228,334348,130571,182769,111197,152382,213682,130543,75057,63307,5299356,289115,308334,329006,199221,143929,71260,67537,192653,351605,343654,333422,334593,345484,346996,356276,143887,202317,128828,175411,249225,162069,106532,118002,0400000US37,North Carolina,37,2021
773344,397093,27612,26774,26311,13946,12303,7410,6719,18368,31539,30118,27044,23421,20631,21242,24678,10046,14052,8879,11118,13927,8717,5937,6301,376251,25805,25531,24432,14047,10291,5469,6394,18035,27307,25539,24001,20342,18917,20124,23800,9908,12990,8573,10636,14559,10338,8562,10651,0400000US38,North Dakota,38,2021
11769923,5800004,351995,366508,390216,237370,160350,82591,80146,216779,396670,379784,366942,348988,359621,378153,406591,162675,223058,141530,180457,242949,148247,92703,85681,5969919,337131,346303,374155,226311,153525,78600,75262,215228,389315,377489,362739,351388,361767,379347,414982,174678,238464,151331,203314,277361,190620,131820,158789,0400000US39,Ohio,39,2021
3948136,1964927,129519,136180,142822,82948,56394,30094,30494,79928,137961,133570,133185,121560,116899,114796,123793,48019,69455,41054,55825,76337,49451,31376,23267,1983209,123410,130675,136325,79191,51430,30175,26763,74047,133269,130816,131852,116506,114094,114183,127169,50906,73876,43149,61939,88728,59991,41386,43329,0400000US40,Oklahoma,40,2021
4207177,2096429,114886,124130,131624,77796,51685,26870,26528,79537,148545,152169,150825,141669,134087,128556,131162,53285,79788,53678,70253,96150,56906,33643,32657,2110748,108729,117183,125449,73689,48573,27001,26579,75522,144304,147770,145956,137221,129301,125580,132736,59914,85403,56494,78782,105997,67066,40986,50513,0400000US41,Oregon,41,2021
12970650,6394217,358907,372560,407426,247022,177346,84346,83252,239576,431989,432044,405658,378884,395924,428370,454771,184740,263515,160211,211100,280318,175532,110079,110647,6576433,341885,360844,381917,233921,173071,84578,82782,229720,416815,420250,396758,377278,394240,431656,469411,192877,274527,171982,231568,319712,221058,159885,209698,0400000US42,Pennsylvania,42,2021
1091949,534283,28236,28728,32137,19833,17177,8752,7522,22164,38970,38040,34822,30856,32597,36586,37411,15897,21586,12787,16622,22701,14140,8522,8197,557666,27134,28605,29268,18722,19067,9592,8504,19893,37256,36952,34741,30441,33725,38103,39442,17913,22691,14270,17868,25866,18027,13030,16556,0400000US44,Rhode Island,44,2021
5078903,2474059,146308,155195,167163,97971,72977,37659,36464,91094,165369,158839,154434,150769,152534,157870,163581,65465,95445,57954,83105,119689,71660,41463,31051,2604844,139164,151791,158207,94004,65963,32628,33125,92019,170359,166033,164147,154093,160964,166717,178564,74659,105832,68637,96435,135478,87880,53147,54998,0400000US45,South Carolina,45,2021
881785,446461,30241,31312,31887,18202,12981,6103,6478,17151,29783,29735,31491,24035,24131,25160,28366,12493,17976,12406,13418,18592,10886,7161,6473,435324,29297,30911,29840,17008,11752,5465,5175,17747,26493,27465,27710,23797,22408,24363,29064,11977,17004,11064,13622,19354,12284,9298,12226,0400000US46,South Dakota,46,2021
6859497,3362099,207621,213730,227633,135614,89013,47723,45897,129360,239746,224696,218918,208809,217933,220308,220396,88934,126167,76313,103002,140998,89215,52069,38004,3497398,198246,201896,219898,129605,84058,46040,45665,129018,242676,230036,225262,209998,221294,226086,237793,95455,135783,81105,117629,164159,109100,73942,72654,0400000US47,Tennessee,47,2021
28862581,14398171,1000733,1043347,1111175,647804,420650,205577,207513,603136,1061926,1058376,1032818,978499,922910,867292,846492,321270,435335,260456,341471,449443,274187,167471,140290,14464410,958490,998344,1065663,620620,394406,192849,193675,579130,1029530,1030197,1014612,953378,921696,863898,860595,334876,464971,282092,380417,519338,337783,224173,243677,0400000US48,Texas,48,2021
3231370,1633843,125819,136703,140717,82895,49552,25206,28401,82033,126080,113794,121737,107985,92824,79430,77461,31937,42959,26269,35254,45163,27895,18619,15110,1597527,119820,129864,131992,78253,49121,23798,26310,79026,120193,110422,113309,105975,87716,77217,77975,31411,45267,27241,36380,50257,31957,23039,20984,0400000US49,Utah,49,2021
641637,318533,15119,17222,18161,11305,11187,5403,5626,12970,19308,18779,19233,17537,18832,21408,23792,10114,14383,8605,12350,16737,9518,6086,4858,323104,14049,15342,16997,10694,10400,5710,5148,11841,18543,18745,19559,18175,19224,21757,24322,10280,15341,9619,12854,17194,11500,7045,8765,0400000US50,Vermont,50,2021
8582479,4245281,256734,266854,280270,166637,120575,62642,60150,172581,297545,295939,293361,275492,274107,281133,286969,112213,147687,90785,122933,162442,102659,62691,52882,4337198,244760,252006,266690,158801,115951,58257,54689,162361,288627,293334,296661,270731,276585,287772,296229,118496,161040,99600,136678,190832,129367,86520,91211,0400000US51,Virginia,51,2021
7617364,3831964,230732,242605,245314,142233,92152,49338,49629,150710,297673,299163,280665,254245,240500,236459,239387,97280,141351,84389,112853,152964,88859,54806,48657,3785400,218811,230501,233793,136471,87988,43746,45636,139053,274857,280463,265973,243217,231795,230522,241336,100081,145913,89317,121968,170755,103209,67805,82190,0400000US53,Washington,53,2021
1801049,896723,48062,51311,56100,33282,24225,12027,13191,32155,55187,52333,55333,55148,57912,59391,61799,25577,38880,24920,34390,45654,29870,17114,12862,904326,45161,49064,51980,31535,21481,11905,10670,30986,52671,50733,51589,55935,56791,58578,62867,27239,41076,25886,37262,49614,33097,22457,25749,0400000US54,West Virginia,54,2021
5871661,2937621,168590,180072,195924,117764,80210,42039,41827,116308,189562,185722,196147,174804,177235,194284,212596,85029,118999,70758,94578,127518,74612,49575,43468,2934040,160734,173541,183963,112356,77498,39859,39709,113582,180360,179511,186228,171535,171448,189612,215147,83571,118817,72219,99322,134792,86013,63964,80259,0400000US55,Wisconsin,55,2021
576641,295204,17712,19577,20150,11865,8067,4015,3725,11814,19511,20201,20214,18446,16741,16945,19680,8665,10907,7140,10568,13079,7635,4771,3776,281437,16550,18237,19632,10744,6973,3713,3355,10350,17813,18211,19583,16606,15762,15770,18874,7770,11923,7116,10135,12459,8885,4949,6027,0400000US56,Wyoming,56,2021
3311274,1571861,62729,80995,97625,63284,45153,24736,26031,64434,111493,94509,90676,100242,99600,102602,102088,42708,57498,38951,51481,79580,59832,40830,34784,1739413,59686,78269,95530,59159,42699,24323,24745,62764,112515,100695,102433,110207,110905,117544,119126,49855,70491,43448,62879,101898,78805,57330,54107,0400000US72,Puerto Rico,72,2021
5028092,2445995,149474,153738,165485,98906,73111,41242,35408,95368,164554,156517,149525,152291,150412,156116,161037,65585,96061,57630,75840,107608,69127,42508,28452,2582097,142382,145466,160525,94666,74854,37355,35716,95876,163671,163924,157889,156701,156599,161577,171010,72095,101922,62705,89928,125889,90268,61942,59137,0400000US01,Alabama,01,2022
734821,386649,25142,26934,25199,14912,10163,5758,5990,17715,31585,30310,28047,24076,22592,23608,23919,10522,13401,9032,11304,12532,6890,4290,2728,348172,23849,25096,24177,14029,8202,4358,4047,13379,26002,27380,24792,22017,19656,20171,22021,8787,12825,8067,10106,12374,7970,4942,3925,0400000US02,Alaska,02,2022
7172282,3588510,205506,221355,242733,145090,101385,52029,52269,156625,261182,250072,234511,225164,212848,210406,210627,87600,120944,76469,107601,167052,119461,72420,55161,3583772,197130,213059,231081,137509,96851,46454,49681,144566,240180,231283,221818,213121,208728,209063,217963,90758,134889,85320,127490,183264,135584,84246,83734,0400000US04,Arizona,04,2022
3018669,1491622,93300,99103,103236,61863,43703,24563,21130,59603,98660,97133,96217,93628,90051,89940,96562,38498,52917,33734,44853,63968,43755,25188,20017,1527047,88024,94710,97304,59728,40633,19815,21966,58141,96918,96868,96806,91694,90098,90227,97083,41737,57376,36959,51851,72635,53976,35425,37073,0400000US05,Arkansas,05,2022
39356104,19708947,1156233,1212387,1340373,786108,543074,283984,275815,819699,1510071,1531903,1431803,1312880,1257752,1261145,1224493,485534,650746,392409,518414,702048,449341,285455,277280,19647157,1102075,1155771,1272663,748960,520988,258759,259109,777408,1413315,1428994,1338777,1267516,1229147,1229172,1233989,491676,678485,427020,575055,812514,563852,388001,473911,0400000US06,California,06,2022
5770790,2927588,162030,172140,188865,113277,82050,41277,37758,125493,232748,238665,221947,205293,186951,178037,177616,72025,97681,63341,81134,111564,64631,37603,35462,2843202,155159,166638,176342,106859,74218,35139,35713,115072,211046,215172,204784,187783,173428,169832,178410,73598,102391,65652,88948,120999,77501,51676,56842,0400000US08,Colorado,08,2022
3611317,1769196,93705,98339,115023,72191,53514,25438,23306,74068,114538,113323,112566,107943,109009,123076,129089,53087,72455,41463,53974,74982,48276,29913,29918,1842121,89063,98261,107244,69051,52745,24951,25136,68492,109023,112582,114621,109922,113958,129066,137028,55583,74813,44581,60611,86754,59558,40999,58079,0400000US09,Connecticut,09,2022
993635,482909,27470,28248,30912,18334,13155,6726,6637,17073,31664,32322,30683,27587,27369,30265,33991,12674,20168,12122,17940,24579,15942,9694,7354,510726,26520,27730,29583,17905,13592,7404,6677,15305,31188,32709,28551,31103,28805,32441,34945,15610,23273,14927,20922,27334,20098,12039,12065,0400000US10,Delaware,10,2022
670587,320797,21273,16875,17027,7736,7747,3549,3226,13659,34320,37440,30301,23313,18836,18099,17442,6056,9077,5598,6842,9004,6265,3583,3529,349790,20249,17762,15273,7861,8935,3725,4454,16640,40563,40022,30987,23598,18391,17339,16484,7297,10580,6761,8286,12537,9001,6407,6638,0400000US11,District of Columbia,11,2022
21634529,10646786,563975,581789,640792,380393,264376,133383,135682,393737,693602,710306,686334,658980,661646,690980,716872,289856,403210,256757,359222,540686,409444,251471,223293,10987743,540590,557787,608029,362074,252130,130708,132013,377224,663524,685966,667160,656570,665094,699051,761425,307920,440704,295812,412193,620641,479682,321725,349721,0400000US12,Florida,12,2022
10722325,5244476,326239,347003,382262,229237,156211,80827,77497,222286,371056,359479,350794,342502,342792,344873,335710,127641,173282,105065,137471,191915,119561,67249,53524,5477849,309060,332854,365648,220242,151867,75530,76291,210651,371799,372802,367547,359355,358194,355541,354083,137590,193135,121093,163665,228015,155618,97354,99915,0400000US13,Georgia,13,2022
1450589,732060,43756,44517,44673,24701,16630,9054,10688,31542,52131,51731,51478,45606,43297,44052,45196,18705,26904,17081,24622,35040,23217,13107,14332,718529,40796,40466,43070,23340,14233,6770,8097,25727,46373,48326,48449,43864,42018,43169,43712,19053,28757,19797,26306,35367,26570,17535,26734,0400000US15,Hawaii,15,2022
1854109,933728,57644,64120,69665,42048,28729,13622,13660,38360,62403,60499,61043,61032,54376,52988,54666,22321,33126,21774,27746,40838,25915,15535,11618,920381,54932,61280,65932,39158,32452,13305,11982,34924,58171,58923,58419,58186,51238,50565,55078,22507,34212,23017,29298,41646,29428,17085,18643,0400000US16,Idaho,16,2022
12757634,6313019,369069,389011,424566,260088,174946,87379,85652,260263,440022,439013,433926,412580,399642,407602,421210,167378,227664,140267,182389,248048,157600,95396,89308,6444615,352096,375340,402408,247899,166186,79349,80206,256760,429405,426754,424675,402585,395240,405447,426757,175495,240114,150975,204550,286053,203897,139335,173089,0400000US17,Illinois,17,2022
6784403,3366798,209991,222313,233942,142259,101822,49956,54152,140882,228347,219292,220044,206848,206029,211415,220856,88170,122818,73646,100897,134569,83683,49883,44984,3417605,199582,210454,223699,135221,94476,49938,47697,135928,221409,215383,214601,206020,202415,208351,220919,91188,130785,79826,108716,154785,108129,71664,86419,0400000US18,Indiana,18,2022
3188836,1598555,97265,104975,106856,65295,49166,26380,24347,68862,103760,100087,107305,97399,91014,95280,100449,44310,62563,37354,51200,68257,41797,27832,26802,1590281,92532,97692,103578,62125,46521,25198,23706,63136,96068,95419,100624,90969,87388,91479,102228,43498,61237,39360,52326,72805,53395,39102,49895,0400000US19,Iowa,19,2022
2935922,1474948,93065,100719,103809,62629,45847,24811,23847,67721,98659,95957,101186,88824,83986,84645,91210,38033,53435,33282,44809,57126,35951,23221,22176,1460974,87418,94739,99956,59077,42794,21146,20981,60843,90730,91615,95195,85289,80310,82479,90710,38709,56554,34470,46123,64385,44291,31937,41223,0400000US20,Kansas,20,2022
4502935,2234041,136982,144568,147404,90932,60766,34201,31301,92485,154178,145177,141703,140412,140330,144092,147508,60557,83804,50763,70895,95134,59145,35022,26682,2268894,129571,133667,144028,84328,57784,30913,30217,86679,144538,141713,141010,137551,138070,143174,151322,63081,92450,57361,77142,107364,75480,50765,50686,0400000US21,Kentucky,21,2022
4640546,2275349,147783,150943,160412,94427,62944,34814,31927,91238,157565,157873,158750,141374,131091,136407,145028,59421,84360,51095,66993,92789,57133,32238,28744,2365197,142059,143345,154884,88724,59824,37290,32128,86658,157063,161005,161637,141197,134781,140777,152355,64726,92493,54532,79439,106769,74545,47540,51426,0400000US22,Louisiana,22,2022
1366949,674230,32469,35101,37744,23712,17005,8491,7779,23256,40733,42424,42024,37978,41364,45958,49978,22255,31716,19980,27357,37304,23365,14298,11939,692719,30713,33879,34647,22551,16119,7556,8644,21322,39373,41836,41866,38759,41065,46430,54003,22715,31996,21688,28631,40887,27296,18764,21979,0400000US23,Maine,23,2022
6161707,3002896,182758,190069,202174,120023,80593,40108,37649,115319,200877,209952,211066,190094,188946,203061,204870,81912,114997,63920,86333,116988,73758,46595,40834,3158811,175781,182995,191030,115464,78865,37162,36019,115603,199110,213619,215069,198184,196467,213874,220831,87547,123465,74746,99841,140470,99894,64975,77800,0400000US24,Maryland,24,2022
6984205,3419339,180018,186186,205727,128968,103222,50051,50649,143497,249422,247719,228627,210612,210108,231498,244018,92074,133130,77788,106557,142180,88974,54647,53667,3564866,171190,178396,194270,122261,106271,48501,48119,146778,243448,244767,229872,212869,216156,238895,251014,94978,145305,85903,117861,168472,115409,77259,106872,0400000US25,Massachusetts,25,2022
10057921,4993696,283361,301620,318305,199918,138373,74986,72185,210791,345819,322708,309050,294765,300722,326022,340754,144698,203803,123154,165146,221590,137793,83418,74715,5064225,269442,284418,303405,188995,134004,71704,71601,196374,325796,312685,304015,288928,299906,324313,350057,143289,214284,131507,177197,251284,169282,113818,137921,0400000US26,Michigan,26,2022
5695292,2857964,173990,188078,190850,115740,76164,36421,37961,111441,189705,196426,201092,184988,167875,177886,193689,76648,108950,64310,88013,115913,70996,46974,43854,2837328,166556,176917,185036,109917,72297,37324,35315,106893,180154,185712,191007,174041,159267,170807,188925,76458,111366,66797,91535,124270,88843,60621,77270,0400000US27,Minnesota,27,2022
2958846,1437988,90990,91667,107719,61731,45629,23167,22987,59559,95118,89852,92269,88690,86260,87674,89355,38726,53572,32236,42542,61297,38679,21953,16316,1520858,87256,91393,100190,60130,45702,23176,21222,58006,95313,93479,97302,91716,91364,92599,95471,40860,60952,37245,48653,71126,49234,34238,34231,0400000US28,Mississippi,28,2022
6154422,3039220,184879,193892,203286,123422,84988,44045,44160,123635,205896,202411,202712,185443,178593,186029,200483,84168,118972,71224,93647,127733,83627,50410,45565,3115202,175296,181765,194998,116937,80721,41826,41380,120083,201887,201902,198298,184453,178294,187462,206625,86335,126663,74767,104660,150399,105479,74665,80307,0400000US29,Missouri,29,2022
1091840,553716,30328,32709,35276,20621,15129,7307,8052,23918,36705,35567,36739,33747,31117,31285,34507,15931,23262,14342,20801,29225,18659,10525,7964,538124,28675,30581,33525,19632,12791,7493,7230,20373,33966,33916,33856,32020,29065,29731,35704,16120,23461,15578,21590,28007,19730,11916,13164,0400000US30,Montana,30,2022
1958939,984570,65003,68231,71242,42210,29166,14011,14289,42753,65613,64871,67496,61632,56760,56576,59071,25823,36318,21432,28937,38671,23811,15468,15186,974369,62309,64781,67019,39640,27507,13143,13379,40971,62268,61432,65011,56817,52643,53453,59041,24988,36763,22206,31193,42497,28662,21362,27284,0400000US31,Nebraska,31,2022
3104817,1568332,90832,96387,104777,60738,36935,20810,20806,55845,113315,116957,111443,104923,100693,102364,99356,38465,55875,33817,47084,67855,45386,25114,18555,1536485,87271,92010,99618,58059,33905,19691,17466,55180,107902,110393,104687,100066,96641,96532,99025,37162,55454,37520,49912,72855,49881,28020,27235,0400000US32,Nevada,32,2022
1379610,689725,31825,35533,38723,25159,19061,9791,8704,26995,45150,45458,42335,41098,42151,49239,54894,21938,31013,18148,25469,33789,20672,11942,10638,689885,31094,33027,37135,23692,18326,9051,8412,25729,40665,42421,40930,39252,41836,48458,55315,22960,30491,17986,25269,38153,24445,16332,18906,0400000US33,New Hampshire,33,2022
9249063,4556331,268430,283408,295566,184103,119210,57248,59108,176829,297832,305464,308567,297597,298659,315741,323562,126986,170355,99879,131551,178720,117064,72822,67630,4692732,255565,264591,288824,175074,111491,53271,54185,175157,286632,294846,303016,294656,299890,322983,332821,131124,183658,110753,149125,211410,154388,105782,133490,0400000US34,New Jersey,34,2022
2112463,1052858,59366,66116,73193,43281,30780,14328,15676,45912,72488,71705,70301,65063,58874,59237,63461,27208,40043,24443,34654,50017,31110,19480,16122,1059605,56561,63468,70035,41458,28467,15227,13862,40825,67978,67307,66260,62717,58842,60123,67813,29311,42505,27859,40245,52498,35398,24339,26507,0400000US35,New Mexico,35,2022
19994379,9781286,573150,564580,612305,364662,265551,128135,133126,399496,716894,723987,660272,611621,601291,648083,669584,263290,367394,220334,288526,399241,255531,158395,155838,10213093,548722,540411,578064,346549,261388,125926,130556,399950,718503,713030,658370,614196,613507,665786,697713,285293,390710,242247,325119,477844,338382,242307,298520,0400000US36,New York,36,2022
10470214,5131370,301897,314816,344042,206227,153753,78427,76222,216058,353331,341923,328746,323837,330420,339349,333376,133808,185550,112661,152831,220828,139962,78088,65218,5338844,287870,303736,326678,198622,146432,72805,69184,201333,349235,350184,333735,335397,338344,346116,350316,142551,207969,128768,177558,258566,177601,113120,122724,0400000US37,North Carolina,37,2022
776874,399345,26806,26663,26542,14230,13324,7244,6627,19190,30436,30250,27857,24442,20361,20979,23477,9662,14372,9027,11389,14643,9223,6111,6490,377529,24911,24978,24885,13718,11355,5382,6250,18513,26379,25805,24992,20390,18519,19314,23158,9865,12778,9034,10840,15008,11242,8804,11409,0400000US38,North Dakota,38,2022
11774683,5814736,345614,362111,385028,234859,161304,84981,83273,223967,396217,386219,367460,357001,351957,374681,395531,162164,225512,141893,182939,253961,155145,96756,86163,5959947,330789,340903,369704,224314,154229,81469,76289,218145,382568,379769,362151,353248,349627,371300,403506,171177,239054,153511,205554,287427,203497,138585,163131,0400000US39,Ohio,39,2022
3970497,1980478,126513,134351,142314,83242,58715,32087,33008,83685,137927,135599,136055,124267,116188,114328,120310,48157,70203,41702,56474,77753,51753,32449,23398,1990019,120953,128903,135027,79141,55082,30496,28756,76949,131419,130783,131516,118954,112660,112261,122701,50730,74466,43578,62414,91073,64043,43156,44958,0400000US40,Oklahoma,40,2022
4229374,2113341,110843,121532,130373,77334,52942,26967,28217,83169,149096,155136,151405,145933,134147,130032,129237,52975,78704,53026,70499,100911,61725,35275,33863,2116033,104913,113782,123948,73253,50400,26998,27356,78251,141859,148324,145126,139365,127532,124871,128004,58742,85350,55761,80496,110011,73871,44100,53720,0400000US41,Oregon,41,2022
12989208,6410766,352395,370680,398602,244252,185502,89075,87852,244114,427387,438439,409575,386416,385219,421585,445650,182167,264986,162243,214874,289679,185769,114214,110091,6578442,336176,355256,376797,230404,182995,87487,84956,234582,408859,422748,402275,375639,380462,419676,453542,189448,279605,173329,235147,329508,237974,166712,214865,0400000US42,Pennsylvania,42,2022
1094250,537221,27570,28327,31303,19770,17296,9293,8234,22025,38725,39151,35602,31802,31976,36028,37171,15321,22168,13305,16658,23425,15102,8669,8300,557029,26602,27742,28655,18355,19047,9727,8444,20576,36678,37220,35120,30529,32314,36897,38240,17967,22997,14291,18421,26804,19571,13330,17502,0400000US44,Rhode Island,44,2022
5142750,2510019,145790,153124,166718,98881,76762,38173,39117,96473,165215,162722,156062,154767,151886,158204,162710,65783,98592,58554,84669,123012,74998,44290,33517,2632731,137491,151132,156545,94246,71903,34052,34476,94546,166800,169323,164422,156700,157734,165196,175328,74713,108647,70605,97458,139599,95613,57426,58776,0400000US45,South Carolina,45,2022
890342,451671,29371,31225,31736,18188,12920,6479,7020,17583,30221,29575,31891,25636,24415,24977,27979,12412,18117,12554,14352,19550,11387,7450,6633,438671,28714,29812,30206,17360,11399,6117,5123,18102,26391,27712,27018,25281,22463,23531,27778,12229,17382,11113,13982,20452,13310,9677,13519,0400000US46,South Dakota,46,2022
6923772,3400979,205719,212410,226214,136118,91467,50011,46938,136256,241851,231295,220789,213238,215830,220815,221232,89240,127397,76503,104703,144948,93998,54424,39583,3522793,196872,202683,216861,129603,86123,47837,46033,133915,241965,234301,223218,213887,217214,223811,236172,94994,136150,83056,119435,168462,116718,78471,75012,0400000US47,Tennessee,47,2022
29243342,14624638,981619,1038437,1105492,652603,443019,212439,216492,640590,1078271,1079091,1047707,1010118,930736,881322,841405,329122,444733,265617,351104,464956,292737,172102,144926,14618704,941803,989300,1064111,622763,414196,198172,201851,609507,1028796,1038036,1021783,966694,917345,867685,852100,336381,470646,289961,386439,539589,364453,239311,257782,0400000US48,Texas,48,2022
3283809,1665209,123087,134775,139741,83909,52918,26187,30076,88566,129799,116488,121284,111535,96484,82000,77014,32677,43232,26836,36169,47432,30292,19246,15462,1618600,116430,126888,131923,79244,53451,24896,27918,83881,121135,111707,113014,107767,89440,78338,77198,31034,45429,27332,37648,52453,35027,24550,21897,0400000US49,Utah,49,2022
643816,320339,14536,16970,17791,11446,10863,5817,5355,12863,19574,19326,19293,18256,18685,21152,23253,9745,14715,8949,12462,17433,10327,6270,5258,323477,13739,15041,16849,10445,10302,5732,4863,12171,18606,18782,19722,18382,18520,21041,23124,10169,15928,9790,13098,17877,12238,8043,9015,0400000US50,Vermont,50,2022
8624511,4268775,252859,264873,278490,166478,126923,62947,62336,173433,295447,298201,294886,280410,271079,278786,285272,111479,150843,92708,122629,168285,110647,65650,54114,4355736,241289,247092,267105,158640,121601,58110,55983,167210,284450,292015,293620,276235,270691,282388,291197,116762,164375,100888,137452,197682,140618,93146,97187,0400000US51,Virginia,51,2022
7688549,3877918,225973,240433,243247,142972,94607,49221,51769,157960,298936,308042,287849,260931,239613,238329,236544,96650,141828,86074,114615,157865,96756,57121,50583,3810631,214199,225449,234151,136573,89990,42992,46310,145389,272327,284451,268015,248272,227721,228575,234480,98996,146815,90145,123453,178338,114096,72895,86999,0400000US53,Washington,53,2022
1792967,894772,46207,50305,54956,33473,24984,13140,13872,32214,56002,53100,54181,55585,57044,58961,60032,24850,38448,24628,34470,46427,30785,18045,13063,898195,44173,48258,51172,31240,22979,11829,11177,31459,51035,50782,49816,55535,54928,57165,60948,26307,40366,25769,36447,51984,34784,23589,26453,0400000US54,West Virginia,54,2022
5882128,2948762,164772,176914,192217,117145,82148,43783,42431,120138,190680,186226,195890,178307,174038,190823,208487,85961,120713,71537,97563,133572,79589,51461,44367,2933366,156822,168855,181007,111409,78719,40813,40883,116241,179493,176943,186350,171534,166703,183366,209205,83810,120682,73623,102229,139472,94162,67493,83552,0400000US55,Wisconsin,55,2022
577929,295835,16772,19419,19708,12008,8375,3961,3963,12172,19049,19805,20555,18908,16847,17207,18412,8632,11086,7380,10593,13944,8382,4916,3741,282094,16017,17570,19669,11190,7008,4315,3384,10596,17059,18084,19381,17045,15751,15392,18267,7548,11883,7372,10700,12824,9395,5636,6008,0400000US56,Wyoming,56,2022
3272382,1551668,57635,77604,92982,60703,43215,24498,24822,63034,111459,96969,87905,98083,97322,100909,100804,42570,58518,38957,52103,79689,62549,42761,36577,1720714,55242,73624,91661,56725,41225,22522,24840,61657,110879,101611,98576,109079,108592,114762,118936,49774,70711,44769,61849,103443,83532,59667,57038,0400000US72,Puerto Rico,72,2022
